loc,t,aDotE,bDotE,gDotE,aE,bE,gE,xE,yE,zE,aDotUA,bDotUA,gDotUA,aUA,bUA,gUA,xUA,yUA,zUA,aDotSH,bDotSH,gDotSH,aSH,bSH,gSH,xSH,ySH,zSH,aDotUB,bDotUB,gDotUB,aUB,bUB,gUB,xUB,yUB,zUB,xHand,yHand,zHand,aHand,bHand,gHand
6,0,0.001624272,0.00454858,0.002056633,-1.558712,-4.26245,1.626703,-0.1381581,1.161825,0.2344183,0.0006866306,0.001773062,-0.001038225,-1.507997,-4.360655,-3.139247,-0.02170837,1.268235,0.2798701,0.003654852,-0.01349805,0.0008226738,-0.7569731,-4.010843,-0.4154782,-0.0394367,1.48143,0.2058405,0.003541278,0.000407571,-0.008673676,-0.9305234,0.3067266,-0.2948428,0.06533229,1.582206,0.0191732,-0.2861414,1.157639,0.117004,287.9285,242.9495,355.5187
6,0.01111111,0.002666243,0.001360283,-0.001149418,-1.558787,-4.262384,1.62664,-0.1381079,1.161868,0.2344266,0.001773401,0.0007163144,0.002152905,-1.508114,-4.360637,-3.139282,-0.0216471,1.268244,0.2798863,0.005859356,-0.01137979,-0.0001058807,-0.7569833,-4.010978,-0.4155261,-0.03938413,1.481421,0.2058508,0.001397808,-0.0006374507,-0.005484001,-0.9304786,0.3066252,-0.2947419,0.06540346,1.5822,0.0191775,-0.2860527,1.157664,0.1170295,287.9184,243.0083,355.4584
6,0.02222222,0.003723863,0.0002953294,-0.002222677,-1.558827,-4.262328,1.626561,-0.1380726,1.161878,0.234438,0.001765455,-0.0003526694,2.41489E-05,-1.508002,-4.3606,-3.139347,-0.02160752,1.268281,0.2798902,0.003836473,-0.007062416,5.953101E-05,-0.7570744,-4.010787,-0.4155695,-0.0392822,1.481476,0.2058224,0.003505972,0.0004598042,-0.0001550782,-0.9303088,0.3067479,-0.2949429,0.06545639,1.58219,0.01917452,-0.2860114,1.157683,0.1170445,287.9105,243.0096,355.4644
6,0.03333334,0.002650921,-0.0007644217,-0.003285831,-1.558872,-4.262248,1.626572,-0.1380352,1.161883,0.2344465,0.003890756,-0.0003491176,-0.00105379,-1.507967,-4.360612,-3.139497,-0.02154946,1.268269,0.2799082,0.002750417,-0.005106749,0.004398811,-0.7569231,-4.010623,-0.4156334,-0.03926146,1.481501,0.2057925,0.004542777,-0.004850712,0.003075331,-0.9301644,0.3064121,-0.2946905,0.06542218,1.582055,0.01923221,-0.2860095,1.157667,0.1170669,287.9024,242.9791,355.4975
6,0.04444445,0.002648261,0.0003154881,-0.004352881,-1.558626,-4.262079,1.626536,-0.1378652,1.161834,0.2341781,0.002834874,-0.001415135,2.012454E-05,-1.507989,-4.360535,-3.139487,-0.02152717,1.268271,0.2799231,0.001751165,-0.00193733,0.005598695,-0.7568688,-4.010421,-0.4157636,-0.03917587,1.48147,0.2057909,0.001344978,-0.006978439,0.003074824,-0.9301005,0.3062412,-0.2944894,0.06547868,1.582044,0.01923364,-0.2859325,1.157634,0.1169745,287.8929,242.8874,355.6009
6,0.05555556,0.000503325,0.0003303741,-0.007540265,-1.558603,-4.261868,1.626599,-0.1377901,1.161882,0.2342015,-0.0003824603,-0.001429021,-0.003155483,-1.507808,-4.360527,-3.139351,-0.02147055,1.268319,0.2799651,0.001805255,-0.001762311,0.002406941,-0.7570866,-4.010067,-0.4160289,-0.03909695,1.481357,0.2057715,-0.0007691778,-0.002740643,-0.0001563393,-0.9302315,0.3062823,-0.2944188,0.06544602,1.582111,0.01919419,-0.2858382,1.15767,0.1170291,287.897,242.8438,355.643
6,0.06666667,-0.0005589672,0.005665304,-0.009651139,-1.558329,-4.261709,1.626637,-0.1377684,1.161909,0.2342064,0.00173913,-0.003555652,-0.005296272,-1.50766,-4.360422,-3.139408,-0.02139199,1.268275,0.2798504,0.001753678,-0.002860612,0.003419578,-0.7570856,-4.009827,-0.4161565,-0.03900182,1.481314,0.2057673,0.003495138,-0.002747636,-0.001199874,-0.93024,0.3063143,-0.2946226,0.06546569,1.582148,0.01922506,-0.2858056,1.157641,0.1169697,287.8965,242.838,355.6341
6,0.07777778,0.001576868,0.006722154,-0.008592661,-1.558223,-4.261665,1.626572,-0.1377326,1.161912,0.2342219,-0.0003737646,-0.006754769,-0.004212132,-1.507642,-4.360239,-3.139387,-0.02136433,1.268249,0.2798774,0.001587589,-0.009241126,0.00311252,-0.7569588,-4.010219,-0.4159184,-0.03893483,1.481392,0.2056637,0.003491985,-0.000617181,-0.001214246,-0.9302582,0.3063661,-0.2946093,0.06552851,1.582242,0.01916164,-0.2857863,1.157659,0.1169502,287.8939,242.8403,355.6218
6,0.08888889,-0.0005560883,0.008864131,-0.01070437,-1.558038,-4.261549,1.626616,-0.1377339,1.161939,0.2342146,-0.0003983045,-0.003571585,-0.007414077,-1.507431,-4.36022,-3.139436,-0.02142608,1.268339,0.2799612,0.001308503,-0.01790081,0.005897193,-0.7566105,-4.010727,-0.4155724,-0.03910315,1.481645,0.2058681,0.001373982,-0.005971044,-0.00545311,-0.9304004,0.3059219,-0.2942412,0.06562924,1.582205,0.01909739,-0.2858058,1.1577,0.1169532,287.9008,242.8528,355.5914
6,0.1,-0.0005425393,0.01098893,-0.008567822,-1.557863,-4.261546,1.626647,-0.1377591,1.16194,0.2342153,-0.005720993,-0.00678201,-0.00843383,-1.507384,-4.360047,-3.139212,-0.02142441,1.26835,0.2799956,0.0002251752,-0.01792251,0.006943917,-0.7564304,-4.010942,-0.4153764,-0.03905594,1.481651,0.2058738,-0.0007572668,-0.001697121,-0.004426375,-0.930508,0.3060936,-0.2942721,0.06568778,1.582222,0.01905936,-0.2857981,1.157735,0.1169541,287.9153,242.8107,355.6314
6,0.1111111,-0.002679533,0.01099868,-0.009622074,-1.557745,-4.261416,1.626745,-0.1377512,1.162021,0.2341816,-0.001416004,-0.02061957,-0.007374096,-1.507277,-4.359217,-3.139482,-0.02140605,1.268442,0.2800016,-0.003175322,-0.02928803,0.001004956,-0.7563793,-4.012123,-0.4144297,-0.03897142,1.481637,0.2059106,0.001386043,0.002536818,-0.007636225,-0.9306629,0.306157,-0.2943376,0.06566525,1.582224,0.01907688,-0.2857214,1.157764,0.1169302,287.9198,242.7935,355.6456
6,0.1222222,-0.002687376,0.007802805,-0.009630859,-1.557743,-4.261313,1.626786,-0.1377484,1.162027,0.2341788,-0.004632677,-0.009972828,-0.0063089,-1.507219,-4.35952,-3.139265,-0.02141511,1.268464,0.280023,0.002390895,-0.0228479,-0.002858463,-0.7565167,-4.012281,-0.4145485,-0.03892648,1.481614,0.2059169,-0.0007567992,-0.0006435741,-0.005494747,-0.9306187,0.3060044,-0.2941571,0.06570232,1.582237,0.01906019,-0.2856975,1.157731,0.1168427,287.9283,242.8053,355.6328
6,0.1333333,-0.002713317,0.001417559,-0.01178116,-1.557956,-4.261047,1.626804,-0.1377158,1.162071,0.234137,-0.001406097,-0.01102589,-0.002071449,-1.507264,-4.359315,-3.139401,-0.02138913,1.268472,0.2800019,-0.0007188702,-0.01656272,0.001656692,-0.7564059,-4.011702,-0.4147072,-0.03891814,1.481583,0.2058459,-0.002930707,0.0004688147,0.00194087,-0.9304302,0.3060587,-0.29392,0.06568551,1.582078,0.01909012,-0.2856984,1.157686,0.1168245,287.9304,242.8455,355.5928
6,0.1444445,-0.003768331,0.003547797,-0.01070497,-1.55785,-4.260978,1.626859,-0.1377404,1.162113,0.2340782,-0.0003275389,-0.01101913,5.242029E-05,-1.507331,-4.359205,-3.139443,-0.02139342,1.268499,0.2799914,-0.003557249,0.002266028,0.01103541,-0.7562573,-4.010477,-0.4154486,-0.03886855,1.481532,0.2058313,-0.009321632,-0.003793411,0.0008745955,-0.9304041,0.3058012,-0.2934353,0.06569993,1.582062,0.01908749,-0.2857064,1.157686,0.1167868,287.9202,242.8671,355.5618
6,0.1555556,-0.001665333,0.007823823,-0.01815915,-1.557565,-4.260567,1.626855,-0.1377418,1.162116,0.2340525,-0.002472533,-0.016354,-0.004177515,-1.507214,-4.358901,-3.139324,-0.02146471,1.268408,0.2799699,-0.006371309,0.01323376,0.006164658,-0.7566541,-4.010148,-0.4156345,-0.03879607,1.481744,0.2058232,0.001307397,0.00155265,0.006210771,-0.9302827,0.3060321,-0.293923,0.06571519,1.582117,0.01911849,-0.2857244,1.157746,0.1168172,287.9029,242.9033,355.5111
6,0.1666667,-0.003804304,0.004635371,-0.01922055,-1.557625,-4.260358,1.626919,-0.137761,1.162098,0.2340234,-0.003561341,-0.0206289,-0.009497639,-1.506799,-4.358529,-3.139237,-0.02148247,1.268387,0.2799488,0.001236198,0.0164379,0.002185853,-0.7569258,-4.009585,-0.4162518,-0.03866994,1.481625,0.205713,0.0002592718,0.01006035,0.004019759,-0.9304366,0.3064441,-0.2941344,0.0657419,1.582118,0.01910228,-0.2856557,1.157813,0.1167152,287.9096,242.8585,355.5649
6,0.1777778,-0.003789653,0.009961742,-0.01920627,-1.557338,-4.260186,1.626935,-0.1377546,1.162068,0.2339819,-0.005688164,-0.01743375,-0.008425058,-1.506776,-4.358493,-3.139188,-0.02151036,1.26845,0.2798523,0.00344893,0.01562265,-0.004217997,-0.7572688,-4.009562,-0.4163924,-0.03864217,1.481511,0.2056823,0.002392783,0.01325423,0.004009947,-0.930461,0.3067396,-0.2944047,0.06572354,1.582231,0.01898617,-0.285666,1.157813,0.1166686,287.8925,242.8027,355.6254
6,0.1888889,-0.001670408,0.004631134,-0.01923345,-1.557469,-4.259922,1.62685,-0.1377748,1.162069,0.2339223,-0.002515491,-0.01103579,-0.009522257,-1.506655,-4.358603,-3.13926,-0.02152097,1.268439,0.2798415,0.002080304,0.001028269,-0.01026596,-0.7573972,-4.010129,-0.4158707,-0.03862488,1.481535,0.2057328,0.005567117,0.01222073,0.009357789,-0.9302192,0.3069675,-0.2947366,0.06570637,1.582297,0.01895517,-0.2856366,1.15776,0.1166357,287.8769,242.7651,355.6487
6,0.2,-0.001643938,-0.0007192213,-0.01072729,-1.557687,-4.260053,1.626877,-0.1377655,1.162091,0.233859,-0.003559711,-0.008899879,-0.005258529,-1.506772,-4.358574,-3.139187,-0.02152991,1.268456,0.2797943,0.009107754,-0.01319918,-0.006555982,-0.7571505,-4.01088,-0.4158452,-0.03870523,1.481491,0.2056996,0.0002227919,0.002652445,0.01152429,-0.9299514,0.3066872,-0.294389,0.06568599,1.582253,0.01891035,-0.2856289,1.15776,0.1166139,287.8791,242.707,355.6932
6,0.2111111,0.001559374,-0.001798195,-0.008614803,-1.55774,-4.26003,1.626752,-0.1377612,1.162113,0.2338017,-0.0003404621,-0.006757494,-0.001022758,-1.506899,-4.358489,-3.139359,-0.02161694,1.268582,0.2798323,0.01326322,-0.01457578,-0.00228423,-0.7570067,-4.010977,-0.4160563,-0.03874338,1.481578,0.2058046,-0.0008478537,-0.0005426742,0.01153968,-0.9297937,0.3065843,-0.2942426,0.06568599,1.582273,0.01887506,-0.2856413,1.157837,0.116546,287.922,242.6723,355.7013
6,0.2222222,0.002614606,-0.002861123,-0.01075445,-1.557778,-4.259815,1.626632,-0.1377159,1.162145,0.2337509,0.0007526745,-0.008879845,0.002172843,-1.507081,-4.358313,-3.139473,-0.02159894,1.268677,0.2797882,0.01743823,-0.01595069,0.001982482,-0.7568885,-4.011065,-0.4165661,-0.0388186,1.481767,0.2056355,-0.004010439,-0.005924054,0.003039878,-0.9299418,0.30611,-0.2938146,0.06567717,1.582257,0.0188157,-0.2856656,1.157836,0.1164808,287.9608,242.6683,355.6949
6,0.2333333,0.0004952461,-0.001796504,-0.008614898,-1.557738,-4.259734,1.626733,-0.1377472,1.162145,0.2336854,-0.0003072394,-0.007812688,0.003243233,-1.507149,-4.358309,-3.13944,-0.02158546,1.268554,0.2797189,0.01530823,-0.01493736,0.004120524,-0.7567926,-4.011368,-0.4165538,-0.0390017,1.481755,0.2058199,-0.002939869,-0.01126537,0.0009477249,-0.9299188,0.3057133,-0.2936015,0.06562102,1.582296,0.01881844,-0.2857146,1.157837,0.1164128,287.9848,242.7389,355.6033
6,0.2444444,0.00261274,-0.007128156,-0.008639641,-1.558013,-4.259625,1.626618,-0.13775,1.162183,0.2336259,0.001838197,-0.01100106,0.004301228,-1.507231,-4.35808,-3.139561,-0.02162409,1.268579,0.2797045,0.01426782,-0.01185622,0.007457222,-0.7565657,-4.010951,-0.4169288,-0.03893793,1.481659,0.2057121,-0.002925902,-0.008079147,-0.0001358215,-0.9299093,0.3056813,-0.2936631,0.06553912,1.582241,0.01879984,-0.2856912,1.157853,0.116281,287.984,242.8998,355.4376
6,0.2555556,0.001524501,-0.009256229,-0.01183687,-1.558293,-4.259336,1.626674,-0.137851,1.162252,0.2337949,0.005058238,-0.01205253,0.007481447,-1.507458,-4.357899,-3.139748,-0.02164257,1.268594,0.2797388,0.009220194,-0.003048617,0.00458879,-0.7567228,-4.010561,-0.4170923,-0.03896534,1.48177,0.2056348,-0.006120633,-0.004881746,-0.0001718501,-0.9299434,0.3057234,-0.2934763,0.06546569,1.58226,0.01874465,-0.2855859,1.158029,0.1162362,287.9614,243.0031,355.3341
6,0.2666667,0.001496493,-0.01244033,-0.01610678,-1.558522,-4.258977,1.626658,-0.1378675,1.162264,0.233756,0.005066012,-0.009917929,0.009607998,-1.507639,-4.357868,-3.139798,-0.02167583,1.268598,0.2797361,0.005409633,0.01304063,0.004215819,-0.7568491,-4.010285,-0.4173722,-0.03905058,1.481843,0.2056968,-0.008264327,-0.001659515,0.004059191,-0.9297702,0.3058514,-0.2934273,0.06542099,1.5821,0.01866251,-0.2855656,1.157974,0.1160153,287.9448,243.0366,355.2924
6,0.2777778,0.0004360233,-0.01030574,-0.0161063,-1.558494,-4.258636,1.626675,-0.1379651,1.162345,0.2337115,0.002936228,-0.01099718,0.008556407,-1.50763,-4.357652,-3.139828,-0.0217998,1.268698,0.2797784,0.0002388842,0.02149738,0.008790547,-0.7568789,-4.009417,-0.4178928,-0.0391475,1.48177,0.2056963,-0.007204689,-0.002718955,0.005135909,-0.9296536,0.3057842,-0.2933541,0.06534564,1.582102,0.018619,-0.2856048,1.157983,0.1159382,287.9132,242.974,355.3464
6,0.2888889,0.002564156,-0.00924271,-0.01717874,-1.558538,-4.25841,1.626564,-0.1380291,1.162375,0.233661,0.00611206,-0.008860907,0.006401286,-1.507598,-4.357648,-3.139995,-0.02184153,1.268691,0.2797016,-0.006152673,0.02563396,0.01527815,-0.7567282,-4.00841,-0.4182923,-0.03908575,1.481672,0.2055425,-0.007197744,0.00260465,0.005099638,-0.9296941,0.3060155,-0.2934364,0.0652858,1.582106,0.01856321,-0.2856466,1.158041,0.115884,287.9149,242.9941,355.3156
6,0.3,0.003628665,-0.007111615,-0.01824333,-1.558518,-4.258176,1.626503,-0.1381626,1.162377,0.233614,0.005034218,-0.01206848,0.003219678,-1.507544,-4.357372,-3.140009,-0.0220139,1.268772,0.2796556,-0.009476785,0.02339626,0.01937838,-0.7565172,-4.007928,-0.418446,-0.03922117,1.48186,0.2053794,-0.008275814,-0.005905995,0.006213112,-0.9295146,0.305679,-0.2930862,0.06523502,1.582108,0.01853961,-0.2857414,1.158022,0.115834,287.9355,242.888,355.4035
6,0.3111111,0.005761657,-0.008185046,-0.01719107,-1.558652,-4.258039,1.626353,-0.1383229,1.162445,0.2335389,0.007199788,-0.01632243,0.00640534,-1.507659,-4.356964,-3.140253,-0.02215648,1.268925,0.2796234,-0.008675355,0.01871537,0.02770125,-0.7560112,-4.0074,-0.4187512,-0.03938484,1.482041,0.2054722,-0.008290373,-0.008022729,0.008357197,-0.9293047,0.3055419,-0.2928657,0.06504786,1.58219,0.01858026,-0.2858191,1.157997,0.1157848,287.9783,242.8643,355.4085
6,0.3222222,0.01319284,-0.007123722,-0.02255043,-1.558671,-4.257578,1.625989,-0.1384307,1.162504,0.2335195,0.01254817,-0.02483108,0.00638803,-1.507724,-4.356386,-3.140599,-0.0224241,1.269037,0.2796156,-0.007922683,0.01291325,0.037035,-0.7553551,-4.007113,-0.4188495,-0.03941751,1.482224,0.2054389,-0.01576685,-0.006919381,0.01257348,-0.9291002,0.3056692,-0.292459,0.06501174,1.582307,0.0185799,-0.2858819,1.158072,0.1156638,288.0227,242.9041,355.3496
6,0.3333333,0.0141995,-0.01029335,-0.03321715,-1.558866,-4.25685,1.625809,-0.1386322,1.162594,0.2334893,0.01363949,-0.03442232,0.006393109,-1.507691,-4.355609,-3.140869,-0.0226438,1.269125,0.2796348,-0.007160604,0.01007631,0.05077101,-0.7544245,-4.007035,-0.4187744,-0.03980303,1.482504,0.2056335,-0.01789482,0.002674321,0.0135655,-0.9290667,0.3060941,-0.2924342,0.0648613,1.582355,0.01863211,-0.2859924,1.158027,0.115601,288.0571,243.095,355.1227
6,0.3444445,0.01414629,-0.01346273,-0.04281348,-1.559071,-4.25602,1.62564,-0.1389174,1.162673,0.2334148,0.01366976,-0.04614053,0.006414982,-1.507775,-4.354672,-3.141073,-0.02307069,1.269231,0.2796715,-0.01357334,0.01905675,0.06709105,-0.7533315,-4.005634,-0.4194588,-0.03999019,1.482624,0.2056003,-0.02321378,0.02079388,0.01449048,-0.9291471,0.3071333,-0.2925522,0.06477773,1.582381,0.01857013,-0.2861349,1.157938,0.1152694,288.0716,243.2102,354.9798
6,0.3555556,0.01300103,-0.01127952,-0.06091856,-1.559042,-4.25462,1.625507,-0.1393538,1.162791,0.2333485,0.01048018,-0.06106308,0.002206905,-1.507723,-4.35362,-3.141051,-0.02353334,1.269404,0.2796995,-0.03172044,0.02826918,0.08533465,-0.7523457,-4.003843,-0.4200239,-0.0403918,1.482872,0.2054539,-0.02533806,0.02931689,0.01442793,-0.9291556,0.3078922,-0.2926361,0.06461024,1.582468,0.01854223,-0.2863762,1.157996,0.1150314,288.0957,243.2437,354.9111
6,0.3666667,0.02346051,0.0005429462,-0.1078126,-1.558521,-4.250898,1.624622,-0.1407478,1.163263,0.2331564,0.01479977,-0.1036786,-0.005194938,-1.507449,-4.350099,3.141562,-0.02483082,1.269872,0.2797844,-0.05715838,0.05985018,0.130112,-0.7495829,-3.998716,-0.4218911,-0.04129899,1.483464,0.2053388,-0.04242596,0.02939422,0.02393964,-0.9285686,0.3090071,-0.2918281,0.06422961,1.582635,0.01850063,-0.2871664,1.158202,0.1142425,288.1379,243.0342,354.9776
6,0.3777778,0.03085347,0.009095296,-0.1259388,-1.558056,-4.248837,1.623972,-0.1415247,1.163572,0.2330304,0.02120861,-0.1335095,-0.01476896,-1.506897,-4.347529,3.140906,-0.02590191,1.270246,0.2798334,-0.07091066,0.07921395,0.1563971,-0.7476686,-3.995191,-0.4232634,-0.04177916,1.483835,0.205268,-0.05947623,0.03474902,0.02596114,-0.9284024,0.3097897,-0.2910329,0.06390917,1.582767,0.01854473,-0.2877112,1.158296,0.113849,288.1839,242.843,355.0925
6,0.3888889,0.03085347,0.009095296,-0.1259388,-1.558056,-4.248837,1.623972,-0.1415247,1.163572,0.2330304,0.02120861,-0.1335095,-0.01476896,-1.506897,-4.347529,3.140906,-0.02590191,1.270246,0.2798334,-0.07091066,0.07921395,0.1563971,-0.7476686,-3.995191,-0.4232634,-0.04177916,1.483835,0.205268,-0.05947623,0.03474902,0.02596114,-0.9284024,0.3097897,-0.2910329,0.06390917,1.582767,0.01854473,-0.2877112,1.158296,0.113849,288.1839,242.843,355.0925
6,0.4,0.04344131,0.04971437,-0.1876792,-1.555397,-4.242826,1.62261,-0.1439508,1.164142,0.2328245,0.01153123,-0.1985901,-0.05613831,-1.504305,-4.341225,3.140497,-0.02830493,1.270907,0.2799106,-0.1007558,0.1756605,0.186068,-0.7457671,-3.983185,-0.4289543,-0.04314375,1.484446,0.2050555,-0.08305007,0.06589913,0.06294665,-0.9266837,0.313531,-0.2907565,0.06306493,1.582967,0.0185917,-0.289369,1.158568,0.1126641,288.2656,242.1462,355.511
6,0.4111111,0.1273099,0.01447311,-0.2307909,-1.556438,-4.238564,1.617947,-0.1458722,1.164415,0.2325171,-0.1091111,-0.1680624,-0.08527319,-1.502225,-4.340572,-3.136976,-0.02973795,1.271338,0.280149,-0.1405264,0.2526764,0.203965,-0.7454854,-3.973758,-0.4328468,-0.04424345,1.484775,0.2046962,-0.09700655,0.07673776,0.08944947,-0.9252349,0.3157494,-0.2905362,0.06262922,1.583166,0.0186252,-0.2904159,1.158653,0.1120111,288.2585,241.7521,355.7486
6,0.4222222,0.06659245,0.1031697,-0.2750019,-1.551642,-4.234267,1.619549,-0.1476188,1.164751,0.2319754,-0.1441905,-0.2161104,-0.09349723,-1.500892,-4.336421,-3.134555,-0.03161848,1.271699,0.2801774,-0.1738762,0.2851537,0.2123788,-0.7449735,-3.966834,-0.4350572,-0.0455271,1.48495,0.2044747,-0.09813618,0.08322865,0.1053799,-0.923931,0.3176948,-0.2905879,0.06215191,1.583312,0.01861984,-0.2916402,1.158541,0.1110637,288.1849,241.2837,356.0635
6,0.4333333,0.0524945,0.1332202,-0.3430322,-1.548665,-4.228139,1.619433,-0.149887,1.165103,0.2316511,-0.1304491,-0.3056616,-0.1477453,-1.497248,-4.329814,-3.13408,-0.03396571,1.272162,0.2802207,-0.1701098,0.2827111,0.238995,-0.7429756,-3.960484,-0.4379808,-0.04623306,1.485328,0.2043537,-0.1067251,0.08226612,0.1202674,-0.9223379,0.3194486,-0.2901708,0.06158245,1.583432,0.01861542,-0.293141,1.158804,0.1100749,288.328,240.4688,356.7458
6,0.4444444,0.0524945,0.1332202,-0.3430322,-1.548665,-4.228139,1.619433,-0.149887,1.165103,0.2316511,-0.1304491,-0.3056616,-0.1477453,-1.497248,-4.329814,-3.13408,-0.03396571,1.272162,0.2802207,-0.1701098,0.2827111,0.238995,-0.7429756,-3.960484,-0.4379808,-0.04623306,1.485328,0.2043537,-0.1067251,0.08226612,0.1202674,-0.9223379,0.3194486,-0.2901708,0.06158245,1.583432,0.01861542,-0.293141,1.158804,0.1100749,288.328,240.4688,356.7458
6,0.4555556,0.02015009,0.2050017,-0.4598632,-1.541711,-4.215137,1.619378,-0.1550921,1.166128,0.2306865,-0.1697866,-0.4955021,-0.2131934,-1.490686,-4.313547,-3.130701,-0.03936613,1.272901,0.280445,-0.1787436,0.194874,0.2293255,-0.7390261,-3.954715,-0.4382202,-0.04890382,1.485989,0.2038453,-0.1314181,0.05803137,0.1586644,-0.9180641,0.3216213,-0.2878307,0.06018627,1.583797,0.01860577,-0.2964424,1.159256,0.1077451,288.4984,239.4541,357.2583
6,0.4666667,0.005085875,0.2275314,-0.503412,-1.538072,-4.208183,1.619632,-0.1577159,1.166659,0.2301876,-0.2050147,-0.5243962,-0.2363608,-1.487137,-4.306887,-3.127682,-0.04174185,1.273371,0.2805892,-0.2034622,0.1792416,0.2132184,-0.7380503,-3.951239,-0.4371195,-0.05060446,1.486315,0.2032524,-0.1432375,0.06778559,0.1841216,-0.9154989,0.3239433,-0.2872829,0.05944824,1.584009,0.01863295,-0.2981371,1.159712,0.1065029,288.4822,239.0059,357.4379
6,0.4777778,-0.01428172,0.2436932,-0.5522801,-1.534317,-4.200379,1.62027,-0.1609582,1.167148,0.2295339,-0.2722061,-0.5405838,-0.2550867,-1.483541,-4.300432,-3.122782,-0.04466319,1.273637,0.2806098,-0.2393702,0.1948774,0.2186634,-0.73691,-3.945621,-0.4372578,-0.05175865,1.486696,0.2030782,-0.152893,0.09136117,0.2041724,-0.9131681,0.3272953,-0.2872869,0.05861127,1.584257,0.01872677,-0.3004197,1.160305,0.1050713,288.4214,238.3089,357.8083
6,0.4888889,-0.03245742,0.2661792,-0.5776994,-1.530194,-4.193233,1.620995,-0.1644332,1.167701,0.2288335,-0.3457803,-0.566381,-0.2769513,-1.479564,-4.293365,-3.117165,-0.04810774,1.273916,0.2805023,-0.283026,0.244426,0.2330402,-0.7360764,-3.937416,-0.4387398,-0.05361819,1.486621,0.2027981,-0.1647136,0.1064549,0.2306545,-0.9104182,0.3305358,-0.2870893,0.0577662,1.584471,0.01879746,-0.3026849,1.160756,0.1035213,288.317,237.4031,358.3404
6,0.5,-0.04423817,0.2737119,-0.5946642,-1.526626,-4.186383,1.621591,-0.1676917,1.168203,0.2281675,-0.3596,-0.5792009,-0.277909,-1.476255,-4.28653,-3.113434,-0.05100596,1.274264,0.2804321,-0.3054903,0.2842191,0.2388008,-0.7354602,-3.929317,-0.4405108,-0.05486178,1.486976,0.2025869,-0.1732925,0.1076176,0.2444603,-0.9076911,0.3331867,-0.2865343,0.05689502,1.584713,0.01886648,-0.3053765,1.16129,0.1017486,288.1772,236.236,359.056
6,0.5111111,-0.06030242,0.2951365,-0.6232923,-1.522233,-4.17867,1.622479,-0.1717488,1.168765,0.227106,-0.4181922,-0.6198642,-0.2945125,-1.472088,-4.278252,-3.107456,-0.05486846,1.274533,0.2801341,-0.3310223,0.346162,0.2743515,-0.7343017,-3.918105,-0.4444211,-0.0567323,1.487308,0.2020108,-0.1904379,0.1152458,0.2688352,-0.9044638,0.33641,-0.2858115,0.05596745,1.584939,0.01894456,-0.3080781,1.161917,0.09988602,288.1262,234.676,0.2267543
6,0.5222223,-0.07423352,0.3133535,-0.6498057,-1.517772,-4.170886,1.623363,-0.1757908,1.169348,0.2260262,-0.4512211,-0.6348662,-0.3006639,-1.468317,-4.270926,-3.102042,-0.0584321,1.274829,0.2799061,-0.3457057,0.3579818,0.2810308,-0.7334777,-3.910107,-0.4464254,-0.05866742,1.487547,0.2014113,-0.2043355,0.1281266,0.2825388,-0.9015354,0.3399602,-0.2852363,0.05502355,1.585132,0.01893908,-0.3109652,1.162465,0.09789559,288.1068,233.0805,1.50429
6,0.5333334,-0.0849451,0.3304833,-0.6710137,-1.513118,-4.163025,1.624224,-0.1797231,1.169901,0.2249721,-0.4928067,-0.6573735,-0.3163431,-1.463942,-4.263103,-3.096047,-0.06239808,1.275057,0.2794684,-0.3514997,0.337114,0.2746111,-0.7322415,-3.904126,-0.4467948,-0.06013691,1.487887,0.2011749,-0.218283,0.1410858,0.3079638,-0.8979769,0.3440393,-0.2848749,0.05399299,1.585364,0.01897424,-0.3140522,1.163112,0.09576822,288.099,231.6508,2.600089
6,0.5444446,-0.1106133,0.3530158,-0.7028049,-1.507817,-4.154104,1.625838,-0.1840712,1.17064,0.2234363,-0.5205026,-0.7000889,-0.3331323,-1.459263,-4.254003,-3.090373,-0.06651056,1.275296,0.2791442,-0.3571011,0.3256196,0.2728794,-0.7311698,-3.89791,-0.4474119,-0.06232345,1.488074,0.200504,-0.2204877,0.1529263,0.3270511,-0.8944604,0.3481123,-0.2849516,0.05274045,1.585691,0.01902205,-0.3170506,1.163761,0.09363186,288.0519,230.5504,3.320075
6,0.5555557,-0.1106133,0.3530158,-0.7028049,-1.507817,-4.154104,1.625838,-0.1840712,1.17064,0.2234363,-0.5205026,-0.7000889,-0.3331323,-1.459263,-4.254003,-3.090373,-0.06651056,1.275296,0.2791442,-0.3571011,0.3256196,0.2728794,-0.7311698,-3.89791,-0.4474119,-0.06232345,1.488074,0.200504,-0.2204877,0.1529263,0.3270511,-0.8944604,0.3481123,-0.2849516,0.05274045,1.585691,0.01902205,-0.3170506,1.163761,0.09363186,288.0519,230.5504,3.320075
6,0.5666668,-0.1362817,0.3606138,-0.7282254,-1.502978,-4.145503,1.627621,-0.188531,1.171239,0.2219188,-0.5396909,-0.7129358,-0.3404458,-1.45477,-4.245806,-3.084617,-0.07057595,1.275498,0.2787065,-0.3797556,0.3185487,0.2774918,-0.7296177,-3.890909,-0.4475088,-0.06403637,1.488364,0.2001863,-0.2333285,0.1647521,0.3428948,-0.8909525,0.3523299,-0.2845811,0.05153823,1.58593,0.01901406,-0.3203619,1.164463,0.09127536,287.9648,229.7265,3.722977
6,0.577778,-0.1512337,0.3681444,-0.7419887,-1.498197,-4.137022,1.629077,-0.1929579,1.171867,0.2204896,-0.5779539,-0.7385967,-0.3359062,-1.45067,-4.236873,-3.077848,-0.07491517,1.275765,0.278226,-0.4102328,0.3362309,0.282041,-0.7288635,-3.882622,-0.4483794,-0.06661046,1.488447,0.1993724,-0.2354654,0.1711764,0.347112,-0.887704,0.3564395,-0.2845758,0.05032229,1.586131,0.01897687,-0.3236198,1.165272,0.08882236,287.8743,229.0664,3.960433
6,0.5888891,-0.2099349,0.3619419,-0.7619743,-1.489438,-4.11998,1.63418,-0.2024177,1.173238,0.2172013,-0.6172918,-0.7514604,-0.327123,-1.442429,-4.22022,-3.065006,-0.08383656,1.276262,0.2769626,-0.4662041,0.4091032,0.3068946,-0.7273253,-3.861898,-0.4518705,-0.07099473,1.488693,0.198176,-0.2600792,0.2076237,0.3787275,-0.8804432,0.3668511,-0.284649,0.04749203,1.586556,0.01897484,-0.3305821,1.166977,0.08373073,287.6151,227.5069,4.680092
6,0.6000003,-0.2205836,0.3512973,-0.7555618,-1.485408,-4.112068,1.636364,-0.2071509,1.173889,0.2155271,-0.6374817,-0.7440336,-0.3142152,-1.438828,-4.212474,-3.058119,-0.08821738,1.276461,0.276188,-0.4807668,0.4795576,0.3366445,-0.7265082,-3.847719,-0.456546,-0.07305443,1.488994,0.1976227,-0.2772283,0.2227149,0.4041228,-0.8761076,0.3725728,-0.284546,0.04604602,1.586829,0.01895827,-0.334248,1.167878,0.08104291,287.4512,226.4923,5.28232
6,0.6111114,-0.2216738,0.3363784,-0.7524114,-1.481686,-4.103877,1.638157,-0.2122486,1.174601,0.2135552,-0.6811205,-0.7174843,-0.2969531,-1.43546,-4.205702,-3.049873,-0.09269631,1.27662,0.2753366,-0.4783229,0.5445259,0.360022,-0.7259756,-3.833108,-0.4623248,-0.07577014,1.488919,0.1969067,-0.2804476,0.2323558,0.4115023,-0.8723419,0.377984,-0.2848198,0.04450405,1.586999,0.01891953,-0.3381065,1.168982,0.0781172,287.2715,225.1196,6.291722
6,0.6222225,-0.2216738,0.3363784,-0.7524114,-1.481686,-4.103877,1.638157,-0.2122486,1.174601,0.2135552,-0.6811205,-0.7174843,-0.2969531,-1.43546,-4.205702,-3.049873,-0.09269631,1.27662,0.2753366,-0.4783229,0.5445259,0.360022,-0.7259756,-3.833108,-0.4623248,-0.07577014,1.488919,0.1969067,-0.2804476,0.2323558,0.4115023,-0.8723419,0.377984,-0.2848198,0.04450405,1.586999,0.01891953,-0.3381065,1.168982,0.0781172,287.2715,225.1196,6.291722
6,0.6333337,-0.2237555,0.3192554,-0.7322243,-1.474258,-4.088389,1.641848,-0.2227788,1.176,0.2094169,-0.7812166,-0.6814811,-0.2751001,-1.428473,-4.191986,-3.031397,-0.1022372,1.277024,0.2733572,-0.4271125,0.6046556,0.391488,-0.7244544,-3.805559,-0.4749854,-0.08096063,1.489448,0.195221,-0.3102856,0.2398695,0.414517,-0.8650607,0.3886311,-0.2838466,0.04138398,1.587541,0.01872665,-0.3464155,1.170914,0.07228281,287.0611,222.3074,8.417166
6,0.6444448,-0.2237555,0.3192554,-0.7322243,-1.474258,-4.088389,1.641848,-0.2227788,1.176,0.2094169,-0.7812166,-0.6814811,-0.2751001,-1.428473,-4.191986,-3.031397,-0.1022372,1.277024,0.2733572,-0.4271125,0.6046556,0.391488,-0.7244544,-3.805559,-0.4749854,-0.08096063,1.489448,0.195221,-0.3102856,0.2398695,0.414517,-0.8650607,0.3886311,-0.2838466,0.04138398,1.587541,0.01872665,-0.3464155,1.170914,0.07228281,287.0611,222.3074,8.417166
6,0.655556,-0.2375179,0.3256397,-0.7172272,-1.469835,-4.081128,1.644269,-0.2281991,1.176789,0.2072032,-0.8174533,-0.6602559,-0.2685183,-1.42493,-4.185608,-3.021828,-0.1072172,1.277161,0.2721441,-0.3910554,0.6338207,0.3870766,-0.7247047,-3.791711,-0.4825182,-0.08441389,1.489457,0.1939393,-0.3124361,0.2335076,0.4177384,-0.8612083,0.3934722,-0.2834645,0.0397855,1.587817,0.01863414,-0.350735,1.172101,0.06915086,287.0468,220.9581,9.448777
6,0.6666671,-0.2502237,0.3277665,-0.7022534,-1.465499,-4.073934,1.646725,-0.2337763,1.177685,0.2048833,-0.8398417,-0.6443281,-0.2641343,-1.421396,-4.179241,-3.012684,-0.1122736,1.277408,0.2709708,-0.3914633,0.6859664,0.3682169,-0.7260624,-3.77629,-0.4895665,-0.08681977,1.489511,0.1929628,-0.3231182,0.2356955,0.4251346,-0.8571852,0.3987799,-0.2830075,0.03789353,1.588168,0.01848966,-0.3552068,1.173173,0.06599944,286.9515,219.9748,10.06243
6,0.6777782,-0.2523049,0.3288075,-0.6915909,-1.461179,-4.066642,1.648861,-0.2393472,1.178572,0.2025178,-0.8548068,-0.6315853,-0.266194,-1.417434,-4.172943,-3.0034,-0.1172704,1.277602,0.269726,-0.4047077,0.7027251,0.3602228,-0.7269157,-3.762138,-0.4953142,-0.09015429,1.489702,0.1917122,-0.322111,0.2379031,0.4379056,-0.8528273,0.4042354,-0.2829555,0.03610861,1.588487,0.01830691,-0.3596503,1.174337,0.06280289,286.7972,219.009,10.62267
6,0.6888894,-0.2415816,0.3266068,-0.6756681,-1.457074,-4.05994,1.650424,-0.2451193,1.179337,0.200015,-0.8899804,-0.6039652,-0.2575043,-1.414039,-4.167542,-2.993036,-0.1223885,1.277834,0.2682396,-0.4298334,0.7204065,0.3616931,-0.7274233,-3.747415,-0.5005387,-0.09281921,1.490023,0.1906921,-0.3210534,0.2389543,0.4368319,-0.8489284,0.4093875,-0.2826839,0.03427732,1.588805,0.01813573,-0.364532,1.175392,0.0594225,286.5414,218.2256,10.97711
6,0.7000005,-0.2191368,0.3158365,-0.653438,-1.453458,-4.05359,1.651322,-0.2509267,1.180139,0.1973744,-0.94862,-0.5700093,-0.2497429,-1.410759,-4.162873,-2.981079,-0.1274619,1.27806,0.2667698,-0.442314,0.7157159,0.4006829,-0.7264166,-3.732517,-0.5064903,-0.09620273,1.490059,0.1893575,-0.302849,0.2302738,0.4145924,-0.8459169,0.4136996,-0.2828383,0.03255177,1.589121,0.01794308,-0.3695411,1.176495,0.05596433,286.2808,217.505,11.35088
6,0.7111117,-0.2052121,0.316835,-0.6396584,-1.449325,-4.047057,1.652279,-0.2568948,1.181033,0.1945524,-0.995481,-0.529612,-0.2303456,-1.408107,-4.158763,-2.969199,-0.1325413,1.278133,0.2651189,-0.4356455,0.7054949,0.4323168,-0.7248613,-3.7184,-0.5125088,-0.09889627,1.490354,0.1883292,-0.3038446,0.2248317,0.3965104,-0.8429682,0.4180043,-0.2822759,0.03080356,1.589419,0.01773983,-0.3748503,1.177566,0.05234852,286.1136,216.5368,11.99594
6,0.7222228,-0.1785535,0.3028858,-0.6270396,-1.44594,-4.040784,1.652558,-0.2628933,1.181794,0.1917163,-1.042392,-0.4838938,-0.2173384,-1.405531,-4.155393,-2.956703,-0.1377902,1.278347,0.2635493,-0.427718,0.7155263,0.4862501,-0.7226839,-3.701898,-0.5205691,-0.102291,1.490456,0.1870276,-0.3144543,0.213043,0.3837543,-0.8398641,0.4219158,-0.2809606,0.02899802,1.589716,0.01745862,-0.3795998,1.178365,0.04916839,285.9783,215.8956,12.47446
6,0.7333339,-0.1572002,0.2846755,-0.6080166,-1.44284,-4.034689,1.652839,-0.2690175,1.182731,0.1887206,-1.06791,-0.4636845,-0.200169,-1.402993,-4.151151,-2.94439,-0.1432328,1.278518,0.26182,-0.4204612,0.7217799,0.5079882,-0.7214727,-3.685785,-0.5280929,-0.1056201,1.490575,0.1856808,-0.3229691,0.2002563,0.3816687,-0.8362811,0.4258297,-0.2796969,0.02714038,1.590133,0.01729959,-0.3848014,1.179247,0.04570786,285.8624,215.213,13.01402
6,0.7444451,-0.1422322,0.2675383,-0.5878942,-1.440076,-4.029078,1.653129,-0.2752612,1.183584,0.1855903,-1.097641,-0.4573484,-0.181873,-1.400689,-4.146521,-2.931961,-0.1487588,1.278801,0.2597917,-0.4398901,0.7117167,0.506098,-0.72054,-3.671856,-0.5329531,-0.1085786,1.490838,0.1843409,-0.3304157,0.1874527,0.3774662,-0.8326735,0.4295182,-0.2782854,0.02526021,1.590518,0.01707131,-0.390119,1.180121,0.04217628,285.7734,214.7141,13.40144
6,0.7555562,-0.1357878,0.2706954,-0.5793964,-1.436301,-4.023012,1.653676,-0.2816414,1.18448,0.1822955,-1.121003,-0.4808349,-0.1784871,-1.397443,-4.140696,-2.919477,-0.1543516,1.279049,0.2577634,-0.4472855,0.7259235,0.5258232,-0.7194386,-3.655251,-0.5401692,-0.1119667,1.490903,0.1830273,-0.3303812,0.2012754,0.3731179,-0.8294958,0.4346227,-0.2780244,0.02349865,1.590803,0.01689285,-0.3957101,1.181106,0.03837267,285.6423,214.207,13.74004
6,0.7666674,-0.138947,0.2856172,-0.57934,-1.432066,-4.016775,1.65447,-0.2881554,1.185559,0.1788645,-1.152916,-0.4915748,-0.1761302,-1.394301,-4.135329,-2.906303,-0.1602592,1.279443,0.2556909,-0.473135,0.7159991,0.5248891,-0.7185134,-3.640301,-0.5451898,-0.1150428,1.491047,0.1817024,-0.3271499,0.2310939,0.3718766,-0.8264838,0.4408505,-0.2786713,0.02186418,1.59109,0.01681882,-0.4009852,1.182092,0.03477022,285.5605,214.248,13.5936
6,0.7777785,-0.1378639,0.302662,-0.582509,-1.427572,-4.010195,1.655149,-0.2948327,1.186656,0.1753131,-1.200896,-0.5066299,-0.1875188,-1.390333,-4.129813,-2.892124,-0.1660093,1.279811,0.2535523,-0.5329854,0.6735858,0.5303621,-0.7164899,-3.627539,-0.5468772,-0.1181833,1.491129,0.180388,-0.3260269,0.250219,0.3632402,-0.8237887,0.4468403,-0.2791488,0.02016628,1.591253,0.01667255,-0.4066138,1.183183,0.03083802,285.3458,214.5671,13.09711
6,0.7888896,-0.1303837,0.3100979,-0.5814584,-1.423302,-4.003984,1.655453,-0.3014356,1.187696,0.1718478,-1.256328,-0.4961088,-0.1871833,-1.386962,-4.125299,-2.876894,-0.1718267,1.280152,0.2514259,-0.573043,0.6580687,0.5427986,-0.7146167,-3.612892,-0.5502072,-0.1210811,1.491206,0.1789339,-0.3110265,0.2543465,0.3451665,-0.8215106,0.4519334,-0.2796697,0.01871848,1.591428,0.01660639,-0.4126748,1.18421,0.02672824,285.054,214.8064,12.62004
6,0.8000008,-0.1111258,0.3110774,-0.565567,-1.419323,-3.998534,1.655128,-0.3080721,1.188803,0.168137,-1.295775,-0.4813194,-0.1858957,-1.38366,-4.120936,-2.862051,-0.1773901,1.280501,0.2491375,-0.5928718,0.6381442,0.5467839,-0.7126305,-3.599584,-0.5529537,-0.1240274,1.491275,0.1776144,-0.3066627,0.2595226,0.322787,-0.819518,0.4569137,-0.2797744,0.01722705,1.591593,0.01648015,-0.4185917,1.185253,0.02261864,284.8079,214.742,12.4566
6,0.8111119,-0.09823537,0.3088403,-0.5400866,-1.415537,-3.993309,1.655087,-0.3148909,1.189967,0.1642299,-1.339436,-0.4665006,-0.1771283,-1.380713,-4.116894,-2.846115,-0.1832261,1.280804,0.246796,-0.6076754,0.6082489,0.5557972,-0.7102709,-3.586523,-0.5555098,-0.1269863,1.491333,0.1761306,-0.306612,0.262656,0.3131791,-0.8173156,0.4620887,-0.2798972,0.01584113,1.591757,0.01639253,-0.4247589,1.186484,0.01830856,284.6679,214.0294,12.97819
6,0.8222231,-0.09710199,0.3077313,-0.5251806,-1.411706,-3.988186,1.655329,-0.3217946,1.191195,0.1602347,-1.417156,-0.4528194,-0.1627929,-1.378142,-4.112861,-2.828265,-0.1890177,1.281008,0.2441114,-0.6439446,0.5094829,0.5888975,-0.7047853,-3.577274,-0.5540299,-0.1296493,1.491385,0.1747416,-0.3086838,0.2625967,0.3025252,-0.815152,0.4672284,-0.279927,0.0144664,1.591929,0.01629812,-0.4307339,1.187865,0.01419074,284.5806,212.6542,14.24068
6,0.8333342,-0.08639978,0.3130176,-0.5177642,-1.407467,-3.982773,1.655114,-0.3285255,1.192443,0.1560201,-1.472557,-0.4359049,-0.1560874,-1.375269,-4.109221,-2.810548,-0.1948891,1.281346,0.2414916,-0.654392,0.4827023,0.5970492,-0.7012279,-3.565771,-0.5551285,-0.132058,1.491581,0.1735668,-0.3075812,0.2731935,0.2950084,-0.8130801,0.4728646,-0.2803869,0.01310682,1.592112,0.01641899,-0.436905,1.189209,0.009791836,284.4888,210.6168,16.25865
6,0.8444453,-0.06399375,0.3108089,-0.5093538,-1.403643,-3.977629,1.654204,-0.3354148,1.193649,0.1519113,-1.538574,-0.4243594,-0.1471545,-1.372602,-4.10538,-2.79206,-0.2008121,1.281798,0.238848,-0.6824772,0.4331548,0.6005765,-0.6973626,-3.555999,-0.553757,-0.1349381,1.491463,0.1722178,-0.3085932,0.2901877,0.2863753,-0.8113698,0.4791318,-0.2812074,0.01180613,1.592201,0.01643318,-0.4435105,1.190595,0.005121142,284.4325,207.8038,19.16256
6,0.8555565,-0.009605143,0.3085135,-0.4947073,-1.399825,-3.972764,1.651575,-0.3423866,1.194932,0.1473747,-1.581144,-0.4212593,-0.1383657,-1.36981,-4.10144,-2.773783,-0.206611,1.282252,0.2361314,-0.6873882,0.4137183,0.6081104,-0.6933593,-3.545156,-0.5542544,-0.1371053,1.491647,0.1710657,-0.3063796,0.3049885,0.269242,-0.8101384,0.4852387,-0.2820421,0.01059973,1.59226,0.01658636,-0.4497331,1.191979,0.0008252934,284.4097,205.1525,21.88532
6,0.8666676,0.0533095,0.307257,-0.4811601,-1.396146,-3.968175,1.647968,-0.3493137,1.19622,0.1428786,-1.64399,-0.4150308,-0.1348029,-1.366822,-4.097815,-2.754321,-0.2123299,1.282642,0.2331378,-0.722806,0.3626456,0.6029294,-0.689209,-3.536593,-0.5516626,-0.1398498,1.49154,0.1696852,-0.3030949,0.3037938,0.2490248,-0.8090358,0.4904167,-0.2824011,0.009558916,1.592337,0.01665717,-0.4558999,1.193132,-0.003604487,284.4394,202.1174,25.03088
6,0.8777788,0.1088379,0.310255,-0.4558504,-1.392298,-3.964144,1.644239,-0.3561596,1.197597,0.1382744,-1.680184,-0.375674,-0.1144115,-1.365174,-4.095475,-2.735225,-0.2180947,1.283223,0.2301124,-0.7582754,0.2679571,0.5946546,-0.6835919,-3.532037,-0.5456647,-0.1417238,1.491842,0.1686484,-0.3104954,0.2877144,0.2331097,-0.8078438,0.4945228,-0.2816226,0.008458734,1.592436,0.01666576,-0.4620906,1.194289,-0.007883728,284.4746,199.8469,27.32924
6,0.8888899,0.173916,0.3079072,-0.4348591,-1.38875,-3.96031,1.639368,-0.362964,1.198655,0.1339067,-1.690779,-0.3511765,-0.09523058,-1.363578,-4.092836,-2.717033,-0.2237203,1.28372,0.2272032,-0.7460255,0.2159355,0.6052052,-0.6780466,-3.525233,-0.5431232,-0.1444968,1.491717,0.1673421,-0.3200487,0.2759448,0.2235558,-0.8065112,0.4988149,-0.2807837,0.007367373,1.592527,0.01678795,-0.4687708,1.195579,-0.01278377,284.5282,198.3644,28.78166
6,0.900001,0.2782165,0.1903558,-0.3952138,-1.390758,-3.956944,1.632122,-0.369696,1.19972,0.1292542,-1.690682,-0.2967889,-0.05695117,-1.363623,-4.091207,-2.698861,-0.2294364,1.284445,0.224026,-0.7206154,0.2099017,0.6053876,-0.6731086,-3.517001,-0.5426228,-0.1463671,1.491998,0.1663049,-0.3327994,0.2940406,0.2201945,-0.805276,0.5047594,-0.2808309,0.006239176,1.592532,0.01693815,-0.474518,1.196758,-0.01727048,284.5263,197.8239,29.25134
6,0.9111122,0.2984687,0.1433598,-0.3688073,-1.390792,-3.953808,1.627517,-0.3762233,1.201054,0.1247032,-1.673427,-0.2774892,-0.01554918,-1.36388,-4.088529,-2.681681,-0.2351974,1.28509,0.2208815,-0.7414142,0.219914,0.585192,-0.6697477,-3.508262,-0.5398342,-0.1491714,1.492001,0.1650086,-0.3348906,0.3259966,0.2189173,-0.8043354,0.5120253,-0.2821497,0.005105734,1.592611,0.01718587,-0.480758,1.197912,-0.02191807,284.334,198.9746,27.89347
6,0.9222233,0.2334557,0.1360755,-0.3706573,-1.3893,-3.949537,1.626806,-0.3823118,1.202979,0.1197149,-1.629465,-0.3050099,0.02045012,-1.363243,-4.083843,-2.666204,-0.240639,1.285849,0.2176451,-0.7739614,0.2594867,0.5566259,-0.6674707,-3.498522,-0.5377237,-0.1506603,1.492346,0.164107,-0.3433305,0.3824118,0.2099864,-0.8042682,0.5212093,-0.2844181,0.004021525,1.592485,0.01758689,-0.4867037,1.198886,-0.02669099,284.0755,200.2648,26.34136
6,0.9333345,0.2153955,0.2022333,-0.3917007,-1.384231,-3.944541,1.624253,-0.3887157,1.204673,0.1149479,-1.63171,-0.3146477,-0.0008212924,-1.360737,-4.080663,-2.648759,-0.246015,1.286693,0.2143832,-0.8003286,0.3329576,0.5297275,-0.6664214,-3.486167,-0.5373966,-0.1521286,1.492653,0.1632274,-0.3581879,0.4186429,0.2075537,-0.8038448,0.5298718,-0.28604,0.002916455,1.59269,0.01780766,-0.4926385,1.199987,-0.0314055,284.0482,200.1011,26.40761
6,0.9444456,0.2357666,0.2223773,-0.3746968,-1.380909,-3.941092,1.620322,-0.3950053,1.206197,0.1103221,-1.626424,-0.3061266,-0.004058719,-1.359179,-4.078068,-2.631554,-0.2514604,1.287451,0.2110906,-0.8206948,0.38544,0.5595712,-0.6634121,-3.47169,-0.5391021,-0.154858,1.492579,0.1619226,-0.3730633,0.4111492,0.199017,-0.8031518,0.5362275,-0.2858986,0.001823306,1.592803,0.01800543,-0.498698,1.201165,-0.036116,284.0869,198.8445,27.63605
6,0.9555568,0.2816926,0.2147282,-0.3451171,-1.378829,-3.938364,1.614897,-0.401306,1.207601,0.105481,-1.606085,-0.2900448,0.01922092,-1.358735,-4.075145,-2.614969,-0.2567669,1.288438,0.2076154,-0.8380832,0.4047068,0.6135064,-0.6584319,-3.457282,-0.5405751,-0.1563826,1.493043,0.160935,-0.3868955,0.4058029,0.1947314,-0.8024328,0.5426771,-0.2856533,0.000723362,1.592825,0.0182566,-0.5049996,1.20228,-0.0409502,284.0733,197.0322,29.43267
6,0.9666679,0.4287395,0.1151367,-0.2875034,-1.381099,-3.937059,1.604665,-0.4072691,1.208699,0.1008534,-1.585794,-0.2430597,0.04672146,-1.359464,-4.073434,-2.598304,-0.2619396,1.28932,0.2042241,-0.866933,0.457574,0.707226,-0.6524819,-3.438077,-0.5452431,-0.1589572,1.493052,0.15951,-0.4007007,0.43028,0.1902481,-0.8022022,0.5508235,-0.2864384,-0.000423789,1.592887,0.01858538,-0.5110552,1.203363,-0.04562526,284.0775,194.5257,32.04114
6,0.977779,0.48733,0.04672277,-0.2528255,-1.382911,-3.935164,1.597035,-0.4131999,1.210002,0.0960893,-1.562333,-0.1726272,0.0805321,-1.361463,-4.0729,-2.581871,-0.2671032,1.290294,0.2008341,-0.8519762,0.4819831,0.7470362,-0.6475289,-3.421296,-0.5497976,-0.1606816,1.493414,0.1583708,-0.3985755,0.4505521,0.195456,-0.8015848,0.5594415,-0.2881159,-0.001404047,1.59296,0.0188933,-0.5171818,1.20439,-0.05025057,284.0565,192.7905,33.83973
6,0.9888902,0.5364676,-0.0089477,-0.1967531,-1.385047,-3.934936,1.589119,-0.4190949,1.211307,0.09146291,-1.543094,-0.08301297,0.1271229,-1.365318,-4.073244,-2.565032,-0.2721726,1.291191,0.1971216,-0.8461399,0.4734352,0.7669897,-0.6423544,-3.405946,-0.5527729,-0.1631818,1.493694,0.1567429,-0.3857143,0.4632376,0.181585,-0.8017265,0.5676653,-0.2900438,-0.002476335,1.593133,0.01914161,-0.523574,1.205014,-0.0546867,284.0661,191.3261,35.3883
6,1.000001,0.6026472,-0.04332295,-0.1513783,-1.386519,-3.934534,1.580424,-0.4252893,1.212448,0.08675951,-1.515513,-0.02328479,0.1353638,-1.367724,-4.073775,-2.548625,-0.2770839,1.292263,0.1935307,-0.8669995,0.4111177,0.7658262,-0.6363724,-3.395133,-0.5510107,-0.1654203,1.493834,0.1553753,-0.3877951,0.4557049,0.1688318,-0.8017963,0.5746526,-0.2904973,-0.003489494,1.593237,0.0193426,-0.5298243,1.205551,-0.0591178,284.2726,190.2502,36.52752
6,1.011112,0.6550502,-0.04783431,-0.106899,-1.387165,-3.934927,1.571218,-0.4312212,1.21376,0.08229417,-1.521982,0.00974226,0.1364145,-1.36967,-4.073865,-2.531477,-0.2820379,1.293394,0.190049,-0.8557286,0.4007339,0.7783261,-0.6311314,-3.380476,-0.5537205,-0.1678516,1.493954,0.1537349,-0.3930999,0.4503452,0.1624511,-0.8016253,0.5817408,-0.2908321,-0.004629612,1.593248,0.01959914,-0.5363654,1.206216,-0.06351284,284.5327,189.2708,37.58988
6,1.022224,0.766064,-0.07702544,-0.04574411,-1.388639,-3.936154,1.559295,-0.4368975,1.214853,0.07764655,-1.571145,0.09059437,0.1450875,-1.373456,-4.07611,-2.511907,-0.2864434,1.294315,0.1863903,-0.8506087,0.3634392,0.730821,-0.6272469,-3.370058,-0.5531894,-0.1700372,1.494166,0.1521519,-0.3877921,0.4418308,0.1646695,-0.8010219,0.5886688,-0.2915551,-0.00569129,1.593274,0.01974982,-0.5422465,1.206394,-0.06735083,284.8972,188.8139,38.21642
6,1.033335,0.823676,-0.04733998,-0.04381116,-1.387931,-3.935498,1.548245,-0.4423161,1.216223,0.07257432,-1.564838,0.1396196,0.1513503,-1.376861,-4.077619,-2.494611,-0.2910974,1.295543,0.18283,-0.8660218,0.3397347,0.7230266,-0.6223962,-3.358815,-0.5523732,-0.1722913,1.494401,0.1508449,-0.3877471,0.4140564,0.1509961,-0.8009478,0.5940241,-0.2910683,-0.006754398,1.593397,0.01988012,-0.5480425,1.206642,-0.07162955,285.1873,188.4168,38.82737
6,1.044446,0.8643067,-0.08486092,0.005959906,-1.389991,-3.937522,1.537649,-0.4473206,1.217595,0.06818348,-1.529656,0.1876808,0.1755465,-1.381529,-4.078918,-2.478773,-0.2953428,1.296349,0.1791016,-0.8450422,0.279022,0.709918,-0.6165756,-3.350119,-0.5511625,-0.1747744,1.494526,0.1493062,-0.3919866,0.400139,0.140412,-0.8009292,0.5997902,-0.2905424,-0.007886291,1.593313,0.02019531,-0.5536677,1.206695,-0.07530731,285.62,189.321,38.39101
6,1.055557,0.8728199,-0.1072737,0.01542532,-1.391817,-3.937691,1.528131,-0.4523208,1.218821,0.06351835,-1.474981,0.1271424,0.206219,-1.383694,-4.076194,-2.465113,-0.2996727,1.297689,0.1755852,-0.8396233,0.2258405,0.6819197,-0.6114671,-3.34342,-0.5479225,-0.1768724,1.494838,0.1480123,-0.3941231,0.4054985,0.1435817,-0.8005601,0.6068913,-0.2911083,-0.00895083,1.593333,0.02043158,-0.559136,1.207065,-0.07902715,285.9695,190.0226,38.02628
6,1.066668,0.8249002,-0.09970087,0.01567668,-1.392645,-3.937895,1.520607,-0.4573036,1.220314,0.05931705,-1.353669,0.1433857,0.1915798,-1.386368,-4.076827,-2.45379,-0.3038791,1.298879,0.1717011,-0.8742875,0.1747438,0.632018,-0.6067837,-3.338459,-0.5411589,-0.1795924,1.49496,0.1464092,-0.3962563,0.423628,0.1466504,-0.8004104,0.6148312,-0.2920963,-0.01019394,1.59342,0.02064925,-0.5646192,1.20736,-0.08269437,286.1464,191.5168,36.77434
6,1.077779,0.7346635,-0.02603883,0.04400979,-1.389719,-3.939256,1.515984,-0.461751,1.221779,0.05502123,-1.247213,0.1329658,0.1760162,-1.388205,-4.076804,-2.443407,-0.3081397,1.300159,0.1680576,-0.8738921,0.2241045,0.6268741,-0.6032273,-3.325599,-0.5419514,-0.1816546,1.495279,0.1450801,-0.4079614,0.4449594,0.1486172,-0.800281,0.6233944,-0.2930439,-0.01138926,1.59346,0.02087635,-0.569999,1.207855,-0.0860538,286.0624,192.5923,35.77367
6,1.08889,0.7167434,-0.02610356,0.08351237,-1.389835,-3.941683,1.509183,-0.4659933,1.22296,0.05125087,-1.149254,0.163996,0.1807407,-1.391867,-4.07686,-2.43409,-0.312341,1.301357,0.1649448,-0.8618947,0.3398982,0.6762501,-0.5995937,-3.30478,-0.5500256,-0.1841562,1.495516,0.1434081,-0.4100589,0.4641712,0.1517096,-0.8001462,0.6320354,-0.2946668,-0.01273727,1.593532,0.02104443,-0.5753105,1.208203,-0.08954397,285.977,193.4412,35.08623
6,1.100002,0.7562218,-0.01768881,0.09183794,-1.389656,-3.942795,1.499449,-0.4700089,1.224251,0.04685658,-1.18292,0.1448341,0.2406607,-1.396237,-4.073651,-2.420138,-0.3155382,1.302412,0.1616901,-0.8558623,0.3741909,0.6928982,-0.5954796,-3.289096,-0.5539674,-0.1858814,1.495852,0.1420631,-0.403677,0.4684467,0.1549059,-0.7999502,0.6398167,-0.2959113,-0.01394534,1.593585,0.02123219,-0.5801387,1.208429,-0.09298097,285.9169,194.2567,34.43264
6,1.111113,0.7880464,-0.05609268,0.08305636,-1.391643,-3.943536,1.489726,-0.4742751,1.225463,0.04309469,-1.258655,0.1712639,0.2357397,-1.400057,-4.074146,-2.403086,-0.3182994,1.303406,0.1581814,-0.8616018,0.3722937,0.714021,-0.5902854,-3.275201,-0.5556417,-0.1882837,1.496159,0.1405258,-0.3887793,0.4663283,0.1592494,-0.7995795,0.6472891,-0.2974104,-0.01524663,1.59358,0.0212912,-0.584805,1.208562,-0.09649982,285.8224,195.2116,33.59607
6,1.122224,0.8048068,-0.1989079,0.09533408,-1.39885,-3.945286,1.480508,-0.477965,1.226167,0.03890043,-1.24577,0.1713352,0.2527092,-1.403948,-4.073294,-2.389757,-0.3214394,1.304676,0.1549489,-0.8631961,0.3402841,0.6932946,-0.5857394,-3.264568,-0.5549346,-0.1900008,1.496361,0.1392232,-0.3813624,0.4343767,0.1616158,-0.7988604,0.6529803,-0.2974317,-0.01648188,1.59364,0.02139837,-0.5893241,1.208696,-0.09979769,285.8868,196.0679,32.78426
6,1.133335,0.8109018,-0.2734157,0.0705891,-1.404428,-3.945364,1.471298,-0.4815997,1.227151,0.03510016,-1.154499,0.1991685,0.2084125,-1.406374,-4.075078,-2.380264,-0.3249245,1.305696,0.1519766,-0.881308,0.2894044,0.6756975,-0.5806527,-3.255561,-0.5522512,-0.1919775,1.496468,0.1378782,-0.3835301,0.4162793,0.1649384,-0.7980295,0.6591383,-0.2973204,-0.01768136,1.593702,0.02149981,-0.5938784,1.208873,-0.1031572,286.2146,196.4027,32.4001
6,1.144446,0.7694806,-0.3032541,0.1111912,-1.408581,-3.948531,1.464801,-0.4851929,1.228075,0.0318957,-1.081007,0.2409524,0.2227653,-1.411539,-4.076104,-2.37078,-0.3279753,1.306523,0.1491722,-0.8474873,0.2994491,0.6480166,-0.5772572,-3.242955,-0.5548187,-0.194224,1.496356,0.1364179,-0.3675624,0.4120062,0.1661025,-0.7975283,0.6658638,-0.2984173,-0.01893187,1.593849,0.02161986,-0.598276,1.208898,-0.1063263,286.5035,196.4813,32.2691
6,1.155557,0.7663663,-0.3288813,0.1398863,-1.412461,-3.951463,1.456846,-0.488656,1.228917,0.02770156,-1.072503,0.2921414,0.2417907,-1.417443,-4.077338,-2.358857,-0.3308598,1.30747,0.1462745,-0.8179308,0.3057506,0.6114897,-0.5746159,-3.231976,-0.5560526,-0.1961123,1.496397,0.1351652,-0.356885,0.4194353,0.1629168,-0.7973158,0.6732255,-0.2999838,-0.02009439,1.593921,0.02177542,-0.6025359,1.2089,-0.1092731,287.0258,195.5819,33.13931
6,1.166668,0.8230027,-0.3376476,0.1800691,-1.416125,-3.955501,1.446389,-0.49173,1.229712,0.02469546,-1.066048,0.2975023,0.253465,-1.42219,-4.07746,-2.347152,-0.3336817,1.308668,0.1434627,-0.7734457,0.2624182,0.5558687,-0.5717573,-3.225175,-0.5549088,-0.1981517,1.496326,0.133489,-0.329097,0.4310309,0.1469861,-0.7978565,0.6807029,-0.3026238,-0.021245,1.593995,0.02191919,-0.6061687,1.208712,-0.1119586,287.7087,194.0904,34.65636
6,1.17778,0.8486173,-0.3217165,0.1821011,-1.418646,-3.957753,1.436435,-0.4944061,1.230338,0.02054542,-1.030788,0.2731007,0.2596896,-1.425919,-4.076625,-2.337027,-0.3366712,1.309757,0.1404803,-0.7171637,0.1540694,0.5144323,-0.5669603,-3.224084,-0.5498701,-0.1997764,1.496348,0.1323722,-0.2981775,0.4000391,0.1356122,-0.797735,0.6858478,-0.3039551,-0.02232325,1.594002,0.02199048,-0.6096646,1.208429,-0.1148115,288.3235,192.9517,35.77094
6,1.188891,0.84963,-0.3046231,0.1629663,-1.421257,-3.959337,1.427139,-0.497417,1.231155,0.01744479,-0.9380007,0.2094113,0.2464505,-1.427648,-4.074986,-2.330379,-0.3393109,1.310846,0.1378751,-0.7013137,0.09512711,0.4895805,-0.5625566,-3.220179,-0.5460317,-0.2018621,1.496166,0.1310229,-0.2971157,0.3925484,0.1324617,-0.7976503,0.6917614,-0.3047239,-0.02345538,1.593946,0.02217489,-0.613316,1.208172,-0.1176959,288.8324,192.4156,36.22332
6,1.200002,0.8378227,-0.2725323,0.1290006,-1.422973,-3.959591,1.418396,-0.499756,1.231822,0.01366621,-0.8549196,0.1605843,0.2257767,-1.428902,-4.073634,-2.323786,-0.3418266,1.311927,0.1351979,-0.6931429,0.06734717,0.4638895,-0.558786,-3.216372,-0.5418236,-0.2034175,1.496302,0.129909,-0.2747843,0.3605969,0.1359622,-0.7968801,0.6963521,-0.3056955,-0.02457345,1.593998,0.02217168,-0.6165813,1.207909,-0.1200511,289.1967,192.7696,35.68922
6,1.211113,0.8249421,-0.2543154,0.1003484,-1.425055,-3.959999,1.409798,-0.5023973,1.232588,0.01074606,-0.8155142,0.1340195,0.2127835,-1.430597,-4.072628,-2.316217,-0.3442861,1.312868,0.1326944,-0.6806371,0.08977383,0.4577372,-0.5556084,-3.207821,-0.542262,-0.2048156,1.496358,0.1289887,-0.2588152,0.3563549,0.1413937,-0.7963566,0.7022747,-0.307647,-0.0257144,1.593988,0.02228564,-0.6194116,1.207278,-0.1227614,289.5506,193.6287,34.65171
6,1.222224,0.8164418,-0.1849599,0.07073642,-1.424656,-3.959666,1.400992,-0.5043656,1.233221,0.007630885,-0.7793014,0.0680172,0.182838,-1.430118,-4.070989,-2.308955,-0.3463274,1.313786,0.1303571,-0.652919,0.1323891,0.4655474,-0.552591,-3.197624,-0.5447435,-0.2067465,1.496369,0.1277137,-0.2513832,0.3446501,0.1446954,-0.7957653,0.7075301,-0.3088066,-0.02679944,1.594012,0.02230829,-0.6221545,1.206559,-0.1250635,289.9162,194.5607,33.46617
6,1.233335,0.8079114,-0.1561332,0.05699585,-1.425421,-3.960098,1.392523,-0.5067005,1.233834,0.004743755,-0.7473218,0.02439918,0.1688653,-1.430147,-4.069089,-2.30191,-0.3485364,1.314792,0.1279009,-0.6311044,0.1862521,0.466368,-0.550158,-3.185265,-0.5492676,-0.2078772,1.496492,0.1268855,-0.2396194,0.3253706,0.1310278,-0.7956732,0.7118075,-0.3095855,-0.02792299,1.594136,0.02220374,-0.6250175,1.205998,-0.1272627,290.3574,194.9129,32.8828
6,1.244446,0.8122988,-0.1295447,0.06982826,-1.425629,-3.961387,1.383623,-0.5086745,1.234228,0.002308547,-0.6960118,-0.03083473,0.1718588,-1.430003,-4.066083,-2.296468,-0.3504463,1.315523,0.1256165,-0.592381,0.1950352,0.4621274,-0.5474128,-3.176138,-0.5520474,-0.2097361,1.496418,0.1257817,-0.23215,0.3135844,0.1226098,-0.7955635,0.7162837,-0.3103009,-0.02898097,1.594122,0.02215832,-0.6275113,1.205133,-0.1292163,290.8746,194.9792,32.6818
6,1.255558,0.8241088,-0.1296068,0.08786315,-1.426794,-3.963259,1.374309,-0.5106373,1.234439,-0.0009717345,-0.6436917,-0.04451722,0.1864662,-1.431028,-4.063441,-2.291345,-0.3524292,1.316352,0.1233259,-0.5719395,0.1999592,0.459516,-0.5442873,-3.167174,-0.5541069,-0.2107798,1.496568,0.1249253,-0.2257928,0.3104343,0.1311783,-0.7949157,0.72145,-0.311702,-0.03006148,1.594101,0.02212566,-0.6300473,1.204416,-0.1310496,291.3237,194.956,32.63848
6,1.266669,0.8474179,-0.1477273,0.07065547,-1.429006,-3.963987,1.364227,-0.5121511,1.234495,-0.003058732,-0.5979881,-0.03164446,0.1744342,-1.43211,-4.062346,-2.286477,-0.3541572,1.317021,0.1211782,-0.5472844,0.1769904,0.4130417,-0.5424933,-3.16182,-0.553791,-0.2124993,1.496307,0.1239304,-0.2140777,0.313619,0.1312064,-0.7946218,0.7268972,-0.3135198,-0.03111756,1.594058,0.02210313,-0.6319135,1.203094,-0.1333075,291.5127,195.2906,32.28645
6,1.27778,0.8377392,-0.1401782,0.04835929,-1.430135,-3.964019,1.35526,-0.5136285,1.234603,-0.00625211,-0.5672381,-0.02308024,0.1561129,-1.432824,-4.061522,-2.281274,-0.3559279,1.31788,0.1190929,-0.5205195,0.1491035,0.3556716,-0.5410542,-3.158968,-0.5513801,-0.2134969,1.496414,0.123212,-0.192749,0.3167703,0.1280989,-0.794413,0.7323659,-0.3160525,-0.03209066,1.594005,0.02203161,-0.6339337,1.20197,-0.1350766,291.7815,196.1006,31.38815
6,1.288891,0.8121452,-0.1273032,0.03680067,-1.431072,-3.964211,1.347233,-0.5150911,1.234776,-0.008232176,-0.5247213,-0.02513395,0.1398682,-1.433152,-4.060486,-2.277099,-0.3575581,1.318646,0.1171835,-0.4913834,0.133635,0.3053107,-0.5402499,-3.155372,-0.5500208,-0.2150337,1.496269,0.122147,-0.1799411,0.2922059,0.1219211,-0.7940396,0.7358112,-0.3171055,-0.03299057,1.594127,0.02185053,-0.63563,1.201014,-0.1365202,292.1232,196.8157,30.56363
6,1.300002,0.7473302,-0.1026952,0.05954197,-1.431982,-3.966508,1.333103,-0.5177811,1.234683,-0.0124107,-0.4342085,-0.04409578,0.1254696,-1.433395,-4.057535,-2.270565,-0.3602141,1.319717,0.1133993,-0.4544024,0.07869941,0.2959403,-0.534612,-3.148582,-0.5469134,-0.2168665,1.496534,0.1207765,-0.1767091,0.2302893,0.1020786,-0.7936018,0.7408219,-0.3169455,-0.03482997,1.594135,0.02169973,-0.6388299,1.198708,-0.1394953,293.0462,198.0926,28.80788
6,1.311113,0.7216883,-0.08765396,0.0362706,-1.432451,-3.966247,1.325909,-0.5187005,1.234439,-0.0148254,-0.386519,-0.02591706,0.09530403,-1.433641,-4.057765,-2.267927,-0.3613399,1.320128,0.1119062,-0.4214344,0.1159831,0.3003823,-0.5330775,-3.140622,-0.5503007,-0.2183195,1.49645,0.1199215,-0.1692645,0.2313683,0.1053006,-0.7931831,0.7448689,-0.3181921,-0.03574228,1.594157,0.02154857,-0.6401951,1.197589,-0.1404225,293.502,198.1137,28.53419
6,1.322224,0.7003027,-0.06514692,0.008738622,-1.432477,-3.965406,1.318588,-0.5196496,1.234181,-0.01677853,-0.3558071,-0.01631059,0.06954686,-1.433897,-4.057716,-2.265015,-0.3625786,1.32033,0.110734,-0.3838361,0.1551393,0.2857945,-0.5324586,-3.132357,-0.5544989,-0.2190102,1.496424,0.1191886,-0.1522295,0.2324411,0.109636,-0.7927074,0.749135,-0.320199,-0.03666937,1.593951,0.02145618,-0.6412159,1.196427,-0.1418117,293.9049,198.0984,28.4066
6,1.333336,0.6523434,-0.0340904,-0.01011847,-1.431983,-3.964466,1.312824,-0.520605,1.234017,-0.01795572,-0.3100187,-0.0364457,0.05650358,-1.433128,-4.056882,-2.263304,-0.3637224,1.320662,0.1095299,-0.3517818,0.1417214,0.2579925,-0.5315105,-3.1282,-0.5553485,-0.2204292,1.496346,0.1183782,-0.1405161,0.222836,0.1086803,-0.7922601,0.7525328,-0.3214428,-0.03754997,1.593932,0.02129132,-0.6420974,1.195437,-0.1428715,294.3941,197.9108,28.43306
6,1.344447,0.5746473,-0.02219847,-0.002244338,-1.431796,-3.964925,1.309089,-0.5216117,1.233844,-0.01968044,-0.2140104,-0.07026248,0.06128406,-1.43224,-4.054885,-2.264488,-0.3648055,1.320834,0.1085503,-0.3242373,0.1248172,0.2384797,-0.5301406,-3.124804,-0.5556331,-0.2212733,1.496438,0.1177936,-0.1308998,0.1939989,0.09824608,-0.7919783,0.7542384,-0.3216236,-0.0384624,1.594049,0.02107519,-0.6428812,1.194469,-0.1439888,294.7171,197.9674,28.0006
6,1.355558,0.42765,0.01440452,-0.0163359,-1.430398,-3.963907,1.309396,-0.5221831,1.233256,-0.0203591,-0.1137977,-0.1030296,0.05644178,-1.430711,-4.052924,-2.266917,-0.3657387,1.320684,0.1077021,-0.263912,0.1318717,0.2121164,-0.5299414,-3.119952,-0.5591989,-0.2226532,1.496285,0.1171078,-0.1224205,0.1769742,0.1026457,-0.7912129,0.756666,-0.3221498,-0.03939617,1.59406,0.02083069,-0.6436036,1.193685,-0.1448475,294.8367,198.1627,27.29109
6,1.366669,0.3668359,0.006063938,-0.03098633,-1.430993,-3.963033,1.307006,-0.5230618,1.232732,-0.02151078,-0.06584264,-0.1018242,0.06039273,-1.430376,-4.051604,-2.267834,-0.3666525,1.320652,0.1069193,-0.2175337,0.1537856,0.1499332,-0.5317273,-3.116427,-0.5614465,-0.2234975,1.496203,0.1166105,-0.1192354,0.1695251,0.1048357,-0.7905706,0.7593667,-0.3228745,-0.0402652,1.594036,0.02057809,-0.6443551,1.193056,-0.145581,294.9355,198.2973,26.69193
6,1.37778,0.3668359,0.006063938,-0.03098633,-1.430993,-3.963033,1.307006,-0.5230618,1.232732,-0.02151078,-0.06584264,-0.1018242,0.06039273,-1.430376,-4.051604,-2.267834,-0.3666525,1.320652,0.1069193,-0.2175337,0.1537856,0.1499332,-0.5317273,-3.116427,-0.5614465,-0.2234975,1.496203,0.1166105,-0.1192354,0.1695251,0.1048357,-0.7905706,0.7593667,-0.3228745,-0.0402652,1.594036,0.02057809,-0.6443551,1.193056,-0.145581,294.9355,198.2973,26.69193
6,1.388891,0.2623524,0.01701879,-0.05281109,-1.43079,-3.961565,1.307557,-0.5235898,1.232203,-0.02213687,-0.01261155,-0.08569535,0.06215355,-1.430596,-4.050732,-2.269547,-0.3674514,1.320267,0.1065717,-0.1734156,0.1812714,0.1071637,-0.5338285,-3.111314,-0.5655209,-0.2248118,1.495972,0.1158544,-0.1170827,0.1716512,0.1037538,-0.7903389,0.7625331,-0.3240042,-0.0411104,1.594035,0.02031714,-0.6449317,1.1927,-0.1456022,294.8368,198.13,26.45648
6,1.400002,0.1055639,0.005750783,-0.08509003,-1.431695,-3.958789,1.309406,-0.5243778,1.230989,-0.02386612,0.04478192,-0.03546614,0.06488619,-1.431874,-4.049856,-2.27205,-0.3686948,1.319113,0.1061503,-0.1245722,0.1392314,0.04205156,-0.5353854,-3.109229,-0.5657668,-0.2266172,1.495734,0.1146376,-0.08724767,0.1492139,0.09762615,-0.7893817,0.7670186,-0.3260564,-0.04278481,1.593973,0.01976508,-0.6456897,1.192173,-0.1467432,294.6749,197.008,27.08139
6,1.411114,0.1055639,0.005750783,-0.08509003,-1.431695,-3.958789,1.309406,-0.5243778,1.230989,-0.02386612,0.04478192,-0.03546614,0.06488619,-1.431874,-4.049856,-2.27205,-0.3686948,1.319113,0.1061503,-0.1245722,0.1392314,0.04205156,-0.5353854,-3.109229,-0.5657668,-0.2266172,1.495734,0.1146376,-0.08724767,0.1492139,0.09762615,-0.7893817,0.7670186,-0.3260564,-0.04278481,1.593973,0.01976508,-0.6456897,1.192173,-0.1467432,294.6749,197.008,27.08139
6,1.422225,0.03292318,-0.05797051,-0.09448316,-1.434689,-3.958214,1.311341,-0.5243722,1.230112,-0.02494651,0.03938992,0.01246821,0.07441223,-1.433762,-4.050001,-2.272451,-0.3691579,1.318394,0.1060523,-0.08884318,0.1074115,0.01664704,-0.5358813,-3.109998,-0.565453,-0.2272168,1.495737,0.1143337,-0.06697702,0.1342133,0.08715295,-0.7891276,0.7685818,-0.3271693,-0.04353893,1.593953,0.01951104,-0.6461729,1.192362,-0.1461213,294.664,196.2584,27.77038
6,1.433336,0.006199971,-0.09306088,-0.09550704,-1.437084,-3.957766,1.311885,-0.5245931,1.22935,-0.02613884,0.02014349,0.06570242,0.08828111,-1.436596,-4.050514,-2.271797,-0.3696839,1.317806,0.1059421,-0.05670948,0.09816971,-0.009890886,-0.5371287,-3.109153,-0.5665926,-0.2277775,1.495316,0.1139733,-0.05632426,0.1075169,0.07990183,-0.7886248,0.7691038,-0.3271435,-0.04435003,1.594027,0.0193072,-0.6463447,1.191894,-0.146819,294.6072,195.8905,27.9666
6,1.444447,-0.01950229,-0.144127,-0.09870875,-1.440656,-3.957449,1.31296,-0.5248587,1.228772,-0.02639693,-0.01096153,0.146584,0.09045972,-1.440758,-4.052552,-2.270378,-0.3700672,1.317079,0.1061527,-0.02453053,0.09395073,-0.02979591,-0.5385658,-3.108182,-0.5683652,-0.2288357,1.494933,0.1136666,-0.04355036,0.08725834,0.07794962,-0.788008,0.7699893,-0.3277387,-0.04515886,1.593998,0.01916331,-0.6466199,1.191713,-0.1469968,294.4419,195.6827,28.0517
6,1.455558,-0.03238476,-0.1899092,-0.09556966,-1.444215,-3.95743,1.313779,-0.5247837,1.227763,-0.02781862,-0.02392955,0.2104649,0.09148361,-1.444757,-4.054672,-2.269313,-0.3704015,1.316527,0.1062428,0.002615795,0.1063814,-0.03835377,-0.5399703,-3.106344,-0.5709569,-0.2293497,1.494831,0.1134937,-0.03503367,0.07766017,0.07804114,-0.7874253,0.7710185,-0.3284128,-0.04578567,1.593989,0.01900643,-0.6467645,1.191389,-0.1472679,294.3816,195.6099,28.00967
6,1.466669,-0.03559286,-0.2133606,-0.08709278,-1.447446,-3.957602,1.314314,-0.525046,1.227304,-0.02815348,-0.02395283,0.2307203,0.09676896,-1.447984,-4.055796,-2.268944,-0.3707826,1.316033,0.1062728,0.02661823,0.06897414,-0.07381561,-0.5414765,-3.109213,-0.5698307,-0.2302957,1.494547,0.1132618,-0.01154625,0.0658243,0.06435165,-0.7874855,0.7712413,-0.32931,-0.04637587,1.593826,0.01876444,-0.6470516,1.191212,-0.1472206,294.4811,195.5015,28.04682
6,1.47778,-0.03327409,-0.2113279,-0.04874972,-1.45169,-3.958837,1.315223,-0.5251528,1.226426,-0.0292874,0.0005757641,0.1998832,0.0870874,-1.451881,-4.056839,-2.26961,-0.3712848,1.315514,0.1063481,0.04447303,-0.002896048,-0.1216531,-0.5437461,-3.11725,-0.5645792,-0.2313442,1.494139,0.113192,0.007645696,0.04338165,0.05711078,-0.7866908,0.7719879,-0.3306775,-0.04751182,1.593898,0.01843923,-0.6474448,1.190994,-0.1467435,294.6894,195.4064,28.03149
6,1.488891,-0.0565026,-0.1569912,-0.03037955,-1.451291,-3.959045,1.316806,-0.5250279,1.226047,-0.0300768,0.06023062,0.1467393,0.06337437,-1.45165,-4.056721,-2.272304,-0.3715314,1.315377,0.1062672,0.03496057,0.006398227,-0.1096463,-0.5445882,-3.117421,-0.564486,-0.2315249,1.494198,0.113176,0.01295384,0.009268753,0.05415021,-0.7858711,0.770654,-0.3301084,-0.04800689,1.593906,0.01829606,-0.6475387,1.19074,-0.146678,294.5022,195.6261,27.64492
6,1.500003,-0.07451641,-0.1004767,-0.03546848,-1.450602,-3.958207,1.318437,-0.5249504,1.2255,-0.03050774,0.1049902,0.09355044,0.04188956,-1.450886,-4.056266,-2.275181,-0.3717293,1.315131,0.1062871,0.03506734,0.03025324,-0.07227114,-0.5448684,-3.114613,-0.5672304,-0.2323354,1.493943,0.113124,0.01615249,-0.00460618,0.05104249,-0.7854594,0.7699998,-0.329942,-0.04845393,1.593867,0.01828808,-0.647508,1.190413,-0.1471394,294.2619,195.9,27.24111
6,1.511114,-0.0616863,-0.07599927,-0.03759902,-1.450764,-3.957726,1.318597,-0.5251015,1.22525,-0.03082508,0.09331395,0.06900626,0.03775242,-1.451053,-4.055971,-2.275786,-0.3720267,1.314921,0.1063145,0.03487821,0.04932876,-0.02445247,-0.5441051,-3.111138,-0.570659,-0.2324013,1.494049,0.113219,0.01618348,-0.003599213,0.04357159,-0.7852874,0.769853,-0.3299736,-0.04890585,1.593849,0.01817268,-0.6477079,1.190312,-0.1469794,294.0925,196.0539,27.09584
6,1.522225,-0.05423408,-0.04615021,-0.05034056,-1.450491,-3.956635,1.318951,-0.5252084,1.225032,-0.03098172,0.0624804,0.0476165,0.03799096,-1.451335,-4.055596,-2.27525,-0.3721976,1.314649,0.1065478,0.04126164,0.05303909,-0.01670949,-0.5444572,-3.110293,-0.5720406,-0.2323713,1.493863,0.1135574,0.02258885,0.0113131,0.04457266,-0.7849694,0.7709407,-0.3312805,-0.04940605,1.593809,0.0181393,-0.647598,1.189879,-0.1478705,294.0027,196.0352,27.13055
6,1.533336,-0.04041356,-0.05363394,-0.05255994,-1.451484,-3.956183,1.318854,-0.5253775,1.224834,-0.03138155,0.02954501,0.04009078,0.04780004,-1.452105,-4.055187,-2.274566,-0.3725147,1.314379,0.1066937,0.04784033,0.04258507,-0.0480148,-0.5459241,-3.111867,-0.5714579,-0.233068,1.49371,0.1135435,0.02046365,0.02304006,0.04555277,-0.7846876,0.7720692,-0.3321918,-0.04986978,1.593791,0.01810938,-0.6476898,1.189892,-0.14795,293.9714,196.1067,27.08552
6,1.544447,-0.04041356,-0.05363394,-0.05255994,-1.451484,-3.956183,1.318854,-0.5253775,1.224834,-0.03138155,0.02954501,0.04009078,0.04780004,-1.452105,-4.055187,-2.274566,-0.3725147,1.314379,0.1066937,0.04784033,0.04258507,-0.0480148,-0.5459241,-3.111867,-0.5714579,-0.233068,1.49371,0.1135435,0.02046365,0.02304006,0.04555277,-0.7846876,0.7720692,-0.3321918,-0.04986978,1.593791,0.01810938,-0.6476898,1.189892,-0.14795,293.9714,196.1067,27.08552
6,1.555558,-0.0361876,-0.05576832,-0.05684221,-1.452525,-3.955739,1.319211,-0.5254303,1.22463,-0.03158468,0.01364713,0.04326653,0.06174572,-1.453329,-4.054695,-2.274273,-0.3727862,1.31424,0.1067331,0.0459317,-0.0145789,-0.1018912,-0.5474341,-3.11841,-0.56622,-0.2331568,1.493685,0.1139129,0.01620022,0.012384,0.04454034,-0.7841151,0.7719606,-0.3321814,-0.05023146,1.593809,0.01808506,-0.6478741,1.189869,-0.1478255,293.9665,196.2434,26.93599
6,1.566669,-0.05532495,-0.06000963,-0.04717017,-1.45338,-3.955789,1.320557,-0.5255576,1.224498,-0.03193659,0.02962419,0.04544769,0.06163339,-1.454185,-4.054685,-2.27525,-0.3730392,1.313996,0.1067784,0.05100004,-0.02815608,-0.1109633,-0.5483374,-3.120722,-0.5649292,-0.233777,1.493529,0.1138838,0.01300336,-0.003628572,0.03929925,-0.7836857,0.7710822,-0.3314706,-0.05064046,1.593834,0.01800436,-0.6480819,1.189907,-0.147749,293.9697,196.4207,26.70198
6,1.577781,-0.06598757,-0.06425322,-0.04605702,-1.454424,-3.955664,1.321768,-0.5253652,1.224039,-0.03288132,0.03702646,0.05078372,0.05624902,-1.454991,-4.054821,-2.275855,-0.3732709,1.313852,0.1068209,0.03920942,-0.0221392,-0.09593868,-0.5484865,-3.121298,-0.5644138,-0.2338731,1.493601,0.1141072,0.01517037,-0.005815747,0.03080372,-0.7835595,0.7709665,-0.3316687,-0.0510124,1.593815,0.01799828,-0.6480802,1.189925,-0.1481716,293.9038,196.5947,26.39609
6,1.588892,-0.06385446,-0.06319296,-0.04606483,-1.455226,-3.955331,1.322369,-0.5254416,1.22389,-0.03325576,0.02850673,0.0496905,0.05630378,-1.455749,-4.054642,-2.275877,-0.3734833,1.313701,0.106791,0.03436567,-0.02658365,-0.06636915,-0.5481952,-3.121552,-0.5645561,-0.2344083,1.493402,0.1140618,0.02051032,-0.0005056676,0.02866194,-0.7834093,0.7713832,-0.3323806,-0.05147231,1.593798,0.01804584,-0.6480414,1.189884,-0.148611,293.8682,196.5904,26.35897
6,1.600003,-0.06915147,-0.04613414,-0.04705779,-1.456015,-3.954378,1.323961,-0.525322,1.223391,-0.0346995,0.01894299,0.02941466,0.05106625,-1.456331,-4.054095,-2.275989,-0.3738705,1.31346,0.1068261,0.02656327,0.006000485,-0.05112315,-0.5497617,-3.120011,-0.5661705,-0.2349741,1.493621,0.1143064,0.02380325,0.01855548,0.01151647,-0.7839148,0.7728769,-0.3342052,-0.05218661,1.593782,0.01795441,-0.648041,1.190064,-0.149249,293.8329,196.3337,26.50481
6,1.611114,-0.08830839,-0.0407683,-0.04482001,-1.45635,-3.953966,1.325738,-0.5253539,1.223269,-0.03479809,0.0349347,0.02306593,0.05097869,-1.456713,-4.053614,-2.276979,-0.374038,1.313287,0.1068071,0.02436513,-0.001967363,-0.06218355,-0.5502937,-3.12178,-0.5648594,-0.2349517,1.493776,0.1145762,0.01955206,-0.01132355,0.003161049,-0.783763,0.7708478,-0.3328328,-0.05247271,1.593801,0.01785713,-0.6481007,1.190339,-0.1492907,293.8115,196.1638,26.61307
6,1.622225,-0.09895191,-0.04181232,-0.0415742,-1.456866,-3.953738,1.327248,-0.5253652,1.223067,-0.03508013,0.03386857,0.02412246,0.04991122,-1.457204,-4.053469,-2.277469,-0.3741562,1.31307,0.1067639,0.01333341,-0.0184138,-0.06846514,-0.5507993,-3.124115,-0.5627677,-0.2354388,1.493771,0.1146438,0.01845959,-0.01767821,0.007459168,-0.7833779,0.7706268,-0.3328057,-0.05284011,1.593896,0.01779157,-0.6480684,1.190497,-0.1497969,293.7656,196.039,26.70449
6,1.633336,-0.1022003,-0.04604334,-0.05009177,-1.457736,-3.953033,1.328443,-0.5252928,1.22291,-0.03552681,0.02957656,0.03369477,0.04885922,-1.458139,-4.053553,-2.277668,-0.3742554,1.312876,0.1067879,0.02330674,0.001983998,-0.05454986,-0.5513628,-3.122594,-0.5646386,-0.235239,1.493772,0.1147577,0.02066035,-0.008167302,-0.003262851,-0.7841529,0.7704979,-0.3332182,-0.05315471,1.593824,0.0177353,-0.6480661,1.190709,-0.1498408,293.6806,195.9585,26.79042
6,1.644447,-0.09695692,-0.05987553,-0.05974301,-1.459057,-3.952297,1.329245,-0.5253121,1.222754,-0.03571492,0.0093305,0.04855666,0.05536126,-1.45957,-4.053451,-2.276921,-0.3743829,1.312721,0.1067858,0.01627496,0.00921922,-0.06819876,-0.552623,-3.123405,-0.5639041,-0.2353702,1.493875,0.1150008,0.02811157,0.003574181,0.0009535793,-0.7842045,0.7712839,-0.3343785,-0.05340743,1.593806,0.01770848,-0.6480097,1.190773,-0.1502072,293.5965,195.9328,26.82343
6,1.655559,-0.09274682,-0.07479106,-0.06299969,-1.460617,-3.951849,1.330063,-0.5252514,1.222614,-0.03621262,-0.004494381,0.06451377,0.06607752,-1.46135,-4.053376,-2.276369,-0.3745484,1.312564,0.1067929,0.01797474,-0.00577076,-0.06779042,-0.5529649,-3.12469,-0.5633156,-0.2357249,1.493832,0.1150205,0.03130157,0.00572828,0.005208911,-0.7841161,0.7715319,-0.3351511,-0.05369639,1.593878,0.01771134,-0.6477684,1.190664,-0.1514718,293.5735,195.934,26.84525
6,1.66667,-0.09596109,-0.0833137,-0.06194301,-1.46204,-3.951491,1.331295,-0.5253538,1.22247,-0.03635591,-0.007694337,0.0698417,0.06822222,-1.462736,-4.053383,-2.276165,-0.3748157,1.312349,0.1067569,0.01516744,-0.02911272,-0.06892024,-0.5530373,-3.127474,-0.5610521,-0.2357589,1.49384,0.1152863,0.02704001,-0.001735305,0.003109016,-0.7840543,0.7711436,-0.334974,-0.05398142,1.593857,0.01764089,-0.6477869,1.19085,-0.151583,293.5865,195.9354,26.85267
6,1.677781,-0.1108553,-0.0864899,-0.05548277,-1.463107,-3.951425,1.333179,-0.5253917,1.222373,-0.03659385,0.004063816,0.07094432,0.07346749,-1.463932,-4.053117,-2.276867,-0.3749632,1.312126,0.1066378,0.009837233,-0.0299547,-0.07011513,-0.5537207,-3.128482,-0.5601187,-0.2359428,1.493587,0.115117,0.02599281,-0.00707544,-6.51218E-05,-0.7842045,0.7707283,-0.3350406,-0.05420434,1.593753,0.017667,-0.6478413,1.190992,-0.1517979,293.6467,196.0445,26.72173
6,1.688892,-0.1150735,-0.08863617,-0.04587962,-1.464173,-3.951534,1.33465,-0.5253891,1.222225,-0.03706688,0.009362293,0.0730823,0.07023695,-1.465056,-4.053155,-2.277178,-0.3751274,1.311941,0.1065298,-0.006082451,-0.01953446,-0.05496861,-0.5537958,-3.128135,-0.5596913,-0.2360611,1.493634,0.1153093,0.0196142,0.002514875,-0.001222207,-0.784448,0.7712576,-0.3353849,-0.05438435,1.593745,0.01767868,-0.647945,1.191216,-0.1519277,293.6601,196.0937,26.62571
6,1.700003,-0.110797,-0.08438777,-0.04482431,-1.46501,-3.951272,1.335668,-0.5253825,1.222106,-0.03755111,-0.001345524,0.06983718,0.05965147,-1.465646,-4.053492,-2.276767,-0.3753041,1.311797,0.1064504,-0.0106382,0.01601713,-0.03634257,-0.5546027,-3.125031,-0.5621217,-0.2362891,1.493462,0.1151722,0.01750287,0.01635935,-0.002387116,-0.784792,0.772194,-0.3361604,-0.05465519,1.59373,0.01774234,-0.6480233,1.191279,-0.1523885,293.5508,196.0996,26.57713
6,1.711114,-0.09266571,-0.06417674,-0.05018838,-1.465085,-3.95046,1.335822,-0.5255948,1.222207,-0.03756016,-0.02479799,0.05910251,0.05343016,-1.466015,-4.05335,-2.275526,-0.3754089,1.311728,0.1064126,-0.01244752,0.02379214,-0.04134469,-0.555643,-3.124304,-0.5626948,-0.2363267,1.493351,0.11505,0.017529,0.02912632,-0.004596368,-0.785167,0.7732156,-0.3371463,-0.05483031,1.593693,0.01774651,-0.6480657,1.191443,-0.1524726,293.4175,196.0834,26.56026
6,1.722225,-0.08091328,-0.05035713,-0.05021007,-1.465265,-3.949958,1.336169,-0.5255517,1.222214,-0.03800339,-0.03649084,0.04521282,0.05139551,-1.466212,-4.052952,-2.274701,-0.3755361,1.311718,0.1062538,-0.006240819,0.01330922,-0.04918905,-0.5562049,-3.125555,-0.5617976,-0.2366081,1.493349,0.1151828,0.01858841,0.02700508,-0.003514938,-0.7852458,0.773513,-0.3376342,-0.05504429,1.59375,0.01772124,-0.6480787,1.191623,-0.1526943,293.3477,196.0842,26.54045
6,1.733337,-0.07873084,-0.04185684,-0.04380637,-1.465441,-3.949773,1.336935,-0.5253888,1.222229,-0.03847736,-0.03003045,0.0271241,0.05458511,-1.46636,-4.052055,-2.274683,-0.3755025,1.311818,0.1062025,0.00491049,-0.01500526,-0.0662973,-0.5567855,-3.128569,-0.5596987,-0.2366267,1.493441,0.1150923,0.01645263,0.007793848,-0.007668173,-0.7852442,0.7722176,-0.3367357,-0.05502784,1.593708,0.01763886,-0.6480526,1.19185,-0.1527561,293.3378,196.256,26.35632
6,1.744448,-0.08936585,-0.03971593,-0.04055103,-1.465971,-3.949539,1.338411,-0.525372,1.222282,-0.03843981,-0.01403384,0.02077709,0.05235656,-1.466651,-4.051782,-2.275427,-0.3755348,1.311755,0.106079,0.01267676,-0.03885455,-0.06300583,-0.5566512,-3.1313,-0.5578412,-0.236854,1.493549,0.1152055,0.01112133,-0.01458885,-0.009678177,-0.7850322,0.7707795,-0.3357626,-0.05518079,1.593745,0.01752359,-0.6479405,1.191898,-0.1533267,293.3029,196.489,26.09992
6,1.755559,-0.093676,-0.04927944,-0.04588157,-1.467052,-3.949032,1.339563,-0.5251317,1.22225,-0.03885168,0.01471849,0.03151006,0.05534957,-1.467674,-4.051653,-2.276778,-0.3754735,1.311751,0.1059858,0.008247135,-0.03332479,-0.04148537,-0.5562012,-3.13088,-0.5581815,-0.2369388,1.493395,0.1150164,0.01214366,-0.02093794,-0.002177327,-0.784629,0.7702496,-0.335521,-0.05529797,1.593791,0.01743835,-0.6478786,1.192089,-0.1534741,293.2123,196.8882,25.69388
6,1.76667,-0.08947016,-0.05778985,-0.05338448,-1.468175,-3.948364,1.340283,-0.5250506,1.22223,-0.03911048,0.01363402,0.04109752,0.05747033,-1.468781,-4.051609,-2.276749,-0.3754778,1.311761,0.1059181,0.0001344124,-0.0006044419,-0.005986131,-0.5557815,-3.127382,-0.5608205,-0.237066,1.493516,0.1151144,0.006860448,-0.01992699,-0.01179528,-0.7850823,0.769832,-0.3350752,-0.05534375,1.593786,0.01743561,-0.6476504,1.192124,-0.15431,293.1522,197.1543,25.43515
6,1.777781,-0.08415939,-0.05992705,-0.05554743,-1.469053,-3.94786,1.34095,-0.5249097,1.222193,-0.03960627,-0.001244898,0.04320677,0.0628864,-1.469881,-4.051403,-2.27623,-0.3754925,1.311614,0.105861,-0.002676162,0.01910941,0.007680516,-0.5557181,-3.125182,-0.5627643,-0.2371904,1.493528,0.1149719,0.01218253,-0.01033298,-0.009708057,-0.785306,0.7700487,-0.3355061,-0.05546129,1.593716,0.01745707,-0.6474799,1.192283,-0.154708,293.1371,197.1327,25.48313
6,1.788892,-0.08309103,-0.05033343,-0.05978924,-1.469409,-3.947075,1.341716,-0.5248997,1.2222,-0.03983825,-0.00763966,0.0367891,0.05974811,-1.470331,-4.051018,-2.275914,-0.3755833,1.311537,0.1057987,0.001712941,0.02521461,0.01123592,-0.5557922,-3.124231,-0.5637566,-0.2372379,1.493546,0.1151538,0.01218463,-0.005000141,-0.008675382,-0.7853736,0.7702333,-0.3357908,-0.05551469,1.593709,0.01744825,-0.6473752,1.192532,-0.1548328,293.1336,197.0502,25.58607
6,1.800003,-0.08627231,-0.02793501,-0.06717048,-1.469045,-3.945899,1.342669,-0.5247716,1.222197,-0.04026145,-0.005443214,0.005906876,0.05552791,-1.469869,-4.050094,-2.276102,-0.3756523,1.311467,0.1057612,0.008884651,-0.0002645785,-0.01861342,-0.556541,-3.126862,-0.5618431,-0.2371129,1.493301,0.1150827,0.005826646,-0.008244043,-0.01614449,-0.7857928,0.7694956,-0.3351018,-0.05551159,1.593765,0.01739162,-0.6472806,1.192797,-0.1549633,293.1397,196.8515,25.80587
6,1.811115,-0.08407163,-0.008778401,-0.06286182,-1.468539,-3.945392,1.343397,-0.5245595,1.222071,-0.04121464,-0.001177271,-0.005809829,0.05126522,-1.469764,-4.049385,-2.27633,-0.3757144,1.311462,0.1057091,0.01197617,-0.01142282,-0.03294028,-0.5570182,-3.128698,-0.5605333,-0.2373136,1.493289,0.1151968,0.007940087,-0.01675184,-0.01395093,-0.7857039,0.7687981,-0.334786,-0.05557632,1.593761,0.01734883,-0.64718,1.193021,-0.1553343,293.1397,196.4834,26.11811
6,1.822226,-0.08613205,0.009322286,-0.05853627,-1.467996,-3.944863,1.344292,-0.5243648,1.222014,-0.04207212,-0.002263106,-0.02287916,0.04065452,-1.469089,-4.048717,-2.276314,-0.3757641,1.31148,0.1056398,0.01968145,-0.006077524,-0.0378921,-0.557643,-3.128733,-0.5610756,-0.237106,1.493136,0.1150711,0.009007406,-0.001821423,-0.01085095,-0.7859718,0.7694448,-0.3353814,-0.05560434,1.593655,0.01744837,-0.6470159,1.193185,-0.1559363,293.1118,196.1826,26.346
6,1.833337,-0.0765259,0.02422274,-0.06174058,-1.467369,-3.943881,1.344689,-0.5242795,1.222042,-0.04251117,-0.0129351,-0.02931548,0.03541456,-1.468854,-4.048143,-2.275749,-0.3757962,1.311522,0.10565,0.01238973,0.002424151,-0.0322988,-0.558124,-3.128091,-0.5615214,-0.2371873,1.493064,0.1149157,0.007937487,-0.001813685,-0.009790322,-0.7860144,0.7693813,-0.3353665,-0.05563283,1.593651,0.01743001,-0.6469593,1.193454,-0.1560465,293.0951,195.9073,26.59114
6,1.844448,-0.07121135,0.0306164,-0.06707671,-1.467044,-3.942849,1.345178,-0.524174,1.222075,-0.04297143,-0.02467432,-0.03575445,0.02911456,-1.468461,-4.047607,-2.275103,-0.3758973,1.311531,0.1056107,0.007297833,0.01398799,-0.02545884,-0.5585054,-3.12721,-0.5621517,-0.237155,1.493139,0.1150458,0.002590449,-0.01459135,-0.008667573,-0.7858317,0.7683535,-0.3344219,-0.05571282,1.593673,0.01746112,-0.6469223,1.19378,-0.1561335,293.1503,195.5525,26.96157
6,1.855559,-0.06585863,0.03272329,-0.06283667,-1.466725,-3.942234,1.345645,-0.5240301,1.222095,-0.04342777,-0.02360122,-0.03894674,0.02911605,-1.468288,-4.046984,-2.274923,-0.3759323,1.311576,0.1055526,0.003961032,0.01273834,-0.01917706,-0.5586412,-3.12677,-0.5624269,-0.2372075,1.49314,0.1149006,-0.001670266,-0.02206747,-0.01077852,-0.7859457,0.767313,-0.3334675,-0.05571318,1.593637,0.0173561,-0.6468585,1.194031,-0.1561562,293.2126,195.1321,27.43046
6,1.86667,-0.05410277,0.03054287,-0.05437893,-1.466592,-3.941913,1.345769,-0.5238481,1.22211,-0.04385942,-0.01824933,-0.0431907,0.03122333,-1.468098,-4.046175,-2.275014,-0.3759665,1.311655,0.1055008,0.002919571,0.01479931,-0.01696411,-0.558825,-3.126436,-0.5626689,-0.2371877,1.493265,0.1150584,-0.0006195232,-0.02844694,-0.008601047,-0.7857279,0.7665657,-0.3329884,-0.05574477,1.59359,0.01729709,-0.6467119,1.194211,-0.1566667,293.2618,194.7722,27.83453
6,1.877781,-0.05193807,0.03371958,-0.04905472,-1.4662,-3.941473,1.346212,-0.5236886,1.222118,-0.04422897,-0.005477798,-0.04847779,0.02581619,-1.467639,-4.04584,-2.275586,-0.3759519,1.31163,0.1054514,0.007871283,0.006770227,-0.007641438,-0.5585064,-3.126072,-0.5634141,-0.2371175,1.493264,0.1149707,-0.001682924,-0.0231197,-0.00758242,-0.7858509,0.7662336,-0.3327159,-0.05574834,1.593579,0.01724738,-0.646656,1.194431,-0.1566983,293.2628,194.615,28.04841
6,1.888893,-0.05402798,0.03050304,-0.03946502,-1.466029,-3.941376,1.346893,-0.5235336,1.222116,-0.04460257,0.003051681,-0.04845124,0.02789094,-1.467464,-4.045191,-2.275931,-0.375896,1.311696,0.1054261,0.007640822,0.004199079,0.001838128,-0.55814,-3.125738,-0.5637388,-0.2371755,1.493374,0.1150889,-0.00169225,-0.02203941,-0.00545888,-0.7857646,0.7659999,-0.3325111,-0.05576766,1.593569,0.01721376,-0.6465069,1.194358,-0.1575713,293.2334,194.6453,28.02035
6,1.900004,-0.04762077,0.0187473,-0.03100604,-1.466302,-3.941441,1.347166,-0.5233983,1.22208,-0.04497916,-0.003403605,-0.03142375,0.02470488,-1.467886,-4.045333,-2.275737,-0.3758814,1.311679,0.1054383,0.001286322,0.01038253,0.01054155,-0.558051,-3.124801,-0.5642202,-0.2370342,1.493242,0.115018,-0.0006394554,-0.02521373,-0.002239279,-0.7855595,0.7655392,-0.3322797,-0.05581152,1.593692,0.01730543,-0.6464755,1.194526,-0.1576259,293.2065,194.7181,27.95266
6,1.911115,-0.03375774,0.002702232,-0.02366382,-1.46709,-3.941532,1.346824,-0.5239692,1.222461,-0.04453844,-0.01516898,-0.01441226,0.02475475,-1.468501,-4.045349,-2.275115,-0.3758698,1.31173,0.1053446,-0.004092305,0.01039503,0.01364885,-0.5578891,-3.124347,-0.5643558,-0.2371342,1.493279,0.1151147,-0.002740424,-0.02204933,-0.007592634,-0.7857694,0.7652471,-0.3320024,-0.05578387,1.593628,0.01732832,-0.6464825,1.194641,-0.1576314,293.1834,194.7586,27.93444
6,1.922226,-0.02950984,-0.01330379,-0.0184033,-1.467865,-3.941623,1.347069,-0.5240682,1.222568,-0.04428631,-0.02589655,0.006859038,0.02265244,-1.469328,-4.045823,-2.274314,-0.3758854,1.311757,0.1053492,0.00363721,0.01680603,0.008744291,-0.5582678,-3.123674,-0.5652527,-0.2370343,1.493266,0.1150048,-0.002729362,-0.01458069,-0.007638467,-0.7859601,0.7655905,-0.3322504,-0.05591202,1.593597,0.01744205,-0.6462361,1.194436,-0.1586189,293.171,194.861,27.86138
6,1.933337,-0.02312782,-0.03144543,-0.01209197,-1.468856,-3.941956,1.347102,-0.5239422,1.222528,-0.04459244,-0.02058204,0.01859868,0.02686414,-1.470139,-4.045726,-2.274276,-0.3759083,1.311807,0.1052111,0.009693256,3.785547E-05,-0.001524647,-0.5583349,-3.12513,-0.5643342,-0.2370309,1.49331,0.1147773,-0.0048776,-0.01350702,-0.005526524,-0.7859031,0.765271,-0.3317758,-0.05578911,1.593526,0.01724058,-0.6462079,1.194533,-0.1585874,293.1699,194.9943,27.75095
6,1.944448,-0.01458271,-0.03894255,-0.003634893,-1.469418,-3.942324,1.347031,-0.5237979,1.222465,-0.0448615,-0.009960618,0.02714932,0.02571379,-1.470795,-4.045959,-2.274565,-0.3758614,1.311851,0.1051661,0.007251478,-0.0105352,-0.002054415,-0.5581037,-3.126026,-0.5635129,-0.2370726,1.493342,0.114879,-0.005937507,-0.01777809,-0.007630684,-0.7858978,0.7647753,-0.3313153,-0.05576825,1.593529,0.01723224,-0.646178,1.194495,-0.1588411,293.1807,195.1553,27.56532
6,1.955559,-0.01135488,-0.05069936,0.008035883,-1.470333,-3.943124,1.347084,-0.5236551,1.222395,-0.04512948,-0.003614778,0.04101865,0.02458217,-1.471751,-4.04646,-2.274698,-0.3757026,1.311797,0.105264,0.002783115,-0.01292242,0.006293078,-0.5576169,-3.125921,-0.5634328,-0.2370627,1.493197,0.1148294,-0.004885234,-0.02414787,-0.004389173,-0.785665,0.7641242,-0.3309598,-0.05577612,1.593507,0.01718122,-0.6461535,1.194363,-0.1593924,293.1573,195.2673,27.39554
6,1.966671,-0.01134341,-0.05710673,0.01334415,-1.471085,-3.943604,1.347285,-0.5235652,1.222308,-0.04545087,-0.001555616,0.05166497,0.01922152,-1.472448,-4.047043,-2.274594,-0.375679,1.311802,0.1052427,-0.003327889,0.004719237,0.02085712,-0.5574902,-3.123903,-0.5647318,-0.2371049,1.4933,0.1149837,-0.0006212508,-0.01454946,-0.002298051,-0.7856442,0.7645041,-0.3314323,-0.05573857,1.593491,0.01721483,-0.646196,1.194395,-0.1593442,293.1372,195.3193,27.34007
6,1.977782,-0.009186934,-0.05285899,0.01654054,-1.471454,-3.944024,1.347333,-0.5234699,1.222243,-0.04577428,-0.007969683,0.05164098,0.01500108,-1.472924,-4.047411,-2.274293,-0.3756547,1.311773,0.1052523,-0.004292516,0.009922828,0.02427942,-0.5573139,-3.123007,-0.5654072,-0.2371989,1.493333,0.1150841,-0.0005958742,-0.003914423,-0.004491139,-0.7858402,0.7648598,-0.3317327,-0.05577278,1.593506,0.01727074,-0.6462307,1.194441,-0.1592563,293.1624,195.2877,27.42937
6,1.988893,-0.01239778,-0.04644109,0.01018184,-1.471718,-3.943935,1.347563,-0.5233457,1.222088,-0.04633468,-0.006890081,0.04950611,0.01606425,-1.47333,-4.047434,-2.274282,-0.3757619,1.311869,0.105047,-0.00458941,-0.006556608,0.01178551,-0.557226,-3.124417,-0.564119,-0.23715,1.493462,0.1152821,0.001538826,0.0003446715,-0.004508834,-0.7859462,0.7650731,-0.3319894,-0.0557332,1.593509,0.01729971,-0.6461623,1.194375,-0.1595255,293.2198,195.2539,27.56678
6,2.000004,-0.009190803,-0.03365434,0.007004053,-1.471623,-3.9439,1.34757,-0.5231256,1.221904,-0.04706091,-0.005792849,0.03352567,0.01395738,-1.473192,-4.047233,-2.274278,-0.3757566,1.311918,0.1050578,-0.004790463,-0.02080228,-0.002739284,-0.5574178,-3.125952,-0.5626881,-0.2370352,1.493471,0.1151922,-0.002735867,0.00356726,-0.0002849163,-0.7857907,0.7652692,-0.3319843,-0.05566728,1.593595,0.01723725,-0.6460205,1.194343,-0.1601265,293.2271,195.3285,27.55463
6,2.011115,-0.009205874,-0.02618022,0.0006322183,-1.47168,-3.943663,1.34765,-0.522964,1.221868,-0.04734927,-0.005788428,0.01966129,0.00972262,-1.472895,-4.047012,-2.274117,-0.3756405,1.312014,0.1050614,0.0008859807,-0.008240281,-0.0009988119,-0.5576393,-3.125114,-0.5635816,-0.2370769,1.493459,0.1150848,-0.004830806,-0.002883225,-0.00984108,-0.7861534,0.764659,-0.3314243,-0.05561006,1.593608,0.01725191,-0.6459795,1.194426,-0.1600883,293.1457,195.545,27.33943
6,2.022226,-0.01133925,-0.01230246,-0.005709244,-1.471296,-3.943373,1.347853,-0.5225319,1.221551,-0.04847997,-0.006852223,0.01432769,0.007609144,-1.472865,-4.046976,-2.274001,-0.3755949,1.312047,0.10509,-0.001343321,-0.004509487,0.01193466,-0.557162,-3.12441,-0.5640631,-0.237018,1.493615,0.1152213,-0.006951226,-0.0114374,-0.01406225,-0.7863473,0.7637599,-0.330636,-0.05546665,1.59356,0.01733321,-0.6458138,1.194337,-0.1606084,293.046,195.7503,27.11126
6,2.033337,-0.01239669,-0.01123759,-0.004635742,-1.471378,-3.943372,1.348012,-0.5223757,1.221493,-0.04876572,-0.01002758,0.007930055,0.007634883,-1.472796,-4.046932,-2.273787,-0.3754629,1.311936,0.1052093,-0.004616883,-0.0006835712,0.02378117,-0.5568233,-3.123288,-0.5648264,-0.2370476,1.493635,0.1151386,-0.00803587,-0.01032852,-0.007690621,-0.7862962,0.7637447,-0.330595,-0.05544651,1.593469,0.01740342,-0.6457614,1.194407,-0.1606237,292.9803,195.8472,26.99075
6,2.044448,-0.01454313,-0.01122498,-0.007822063,-1.471586,-3.9432,1.348232,-0.5223424,1.221444,-0.0487712,-0.01109717,0.01005749,0.008704931,-1.473023,-4.046914,-2.273549,-0.3754137,1.311905,0.1052749,-0.004348457,0.01376811,0.03404827,-0.556582,-3.121308,-0.5664448,-0.2369642,1.493702,0.1153398,-0.006977009,-0.006052365,-0.005583048,-0.7863409,0.7639289,-0.3306711,-0.05536711,1.593462,0.0174529,-0.6455969,1.1944,-0.1610407,292.9641,195.8221,27.01477
6,2.055559,-0.01348172,-0.005892404,-0.01100909,-1.471523,-3.942915,1.348316,-0.5222442,1.221377,-0.04904753,-0.0143106,0.01111197,0.005520449,-1.473085,-4.047186,-2.273335,-0.3753848,1.311809,0.1053067,-0.006602555,0.002725833,0.02070447,-0.5566614,-3.122022,-0.5656224,-0.2367505,1.493635,0.1152568,-0.001678897,-0.008164326,-0.001286434,-0.7861567,0.7636814,-0.3305691,-0.05530393,1.59339,0.01743525,-0.6455456,1.194454,-0.1610529,292.9855,195.6808,27.12204
6,2.06667,-0.01137033,-0.009089615,-0.01315936,-1.471825,-3.942733,1.348359,-0.5221995,1.221443,-0.04900926,-0.01003507,0.00579605,0.005504238,-1.473013,-4.047044,-2.273387,-0.3753989,1.311885,0.1053485,-0.002116597,-0.000728539,0.0003588927,-0.557226,-3.122949,-0.564971,-0.2368327,1.493687,0.1153862,0.001536731,0.002475975,-0.003471584,-0.7864272,0.7642636,-0.3311436,-0.05515337,1.593372,0.01751155,-0.645443,1.194375,-0.1614563,293.0456,195.4214,27.32507
6,2.077781,-0.008106039,0.0004651165,-0.004627886,-1.471448,-3.942947,1.34831,-0.5221452,1.221434,-0.04921252,-0.006807884,-0.00591124,0.005510069,-1.472754,-4.046648,-2.273424,-0.3754057,1.311977,0.1053852,-0.002232862,-0.006919296,-0.004191798,-0.5571967,-3.123632,-0.5643017,-0.2367542,1.493521,0.1152337,-0.003786298,0.003555268,-0.003506705,-0.7866067,0.7644739,-0.3310757,-0.05517602,1.59343,0.01763088,-0.6452941,1.194255,-0.1618853,293.1188,195.1582,27.54094
6,2.088892,-0.008106039,0.0004651165,-0.004627886,-1.471448,-3.942947,1.34831,-0.5221452,1.221434,-0.04921252,-0.006807884,-0.00591124,0.005510069,-1.472754,-4.046648,-2.273424,-0.3754057,1.311977,0.1053852,-0.002232862,-0.006919296,-0.004191798,-0.5571967,-3.123632,-0.5643017,-0.2367542,1.493521,0.1152337,-0.003786298,0.003555268,-0.003506705,-0.7866067,0.7644739,-0.3310757,-0.05517602,1.59343,0.01763088,-0.6452941,1.194255,-0.1618853,293.1188,195.1582,27.54094
6,2.100003,-0.004883096,0.03137666,-0.0130837,-1.470026,-3.942113,1.34825,-0.5219984,1.221251,-0.04986566,-0.008997818,-0.02618448,-0.01148214,-1.471522,-4.046552,-2.27307,-0.3754135,1.311931,0.1055313,-0.01182092,0.001200613,0.01094234,-0.5568318,-3.122519,-0.5647329,-0.236573,1.493475,0.1153246,-0.01016877,0.00567074,-0.006747272,-0.7868816,0.7644964,-0.3306061,-0.05497777,1.593363,0.01767582,-0.6451538,1.194208,-0.1623602,293.14,194.8838,27.83372
6,2.111114,-0.004883096,0.03137666,-0.0130837,-1.470026,-3.942113,1.34825,-0.5219984,1.221251,-0.04986566,-0.008997818,-0.02618448,-0.01148214,-1.471522,-4.046552,-2.27307,-0.3754135,1.311931,0.1055313,-0.01182092,0.001200613,0.01094234,-0.5568318,-3.122519,-0.5647329,-0.236573,1.493475,0.1153246,-0.01016877,0.00567074,-0.006747272,-0.7868816,0.7644964,-0.3306061,-0.05497777,1.593363,0.01767582,-0.6451538,1.194208,-0.1623602,293.14,194.8838,27.83372
6,2.122225,-0.00379381,0.04416056,-0.0141203,-1.469165,-3.94173,1.34822,-0.5219138,1.221177,-0.05013973,-0.008989723,-0.0336338,-0.01359958,-1.471039,-4.046433,-2.272993,-0.3754121,1.311918,0.1055303,-0.01394701,0.004216578,0.01637496,-0.5566726,-3.121849,-0.5651209,-0.2365769,1.493468,0.1151711,-0.0101664,0.01526008,-0.005744784,-0.7870658,0.7650521,-0.3308557,-0.05490601,1.593376,0.01771873,-0.6451513,1.194266,-0.1623516,293.089,194.837,27.89153
